STRUCTURE,STRUCTURE_ID,STRUCTURE_NAME,ACTION,REF_AREA,Zone de référence,MEASURE,Mesure,UNIT_MEASURE,Unité de measure,PAY_PERIOD,Période de paie,PRICE_BASE,Type de prix,AGGREGATION_OPERATION,Opération d'agrégation,SEX,Sexe,TIME_PERIOD,Période temporelle,OBS_VALUE,Valeur d'observation,BASE_PER,Période de base,OBS_STATUS,Statut d'observation,UNIT_MULT,Multiplicateur d'unité,DECIMALS,Décimales
DATAFLOW,OECD.ELS.SAE:DSD_EARNINGS@AV_AN_WAGE(1.0),Salaire annuel moyen,I,SVK,République slovaque,WG,Wages,EUR,Euro,A,Annuelle,Q,Prix constants,MEAN,Moyenne,_Z,Non applicable,2014,,16482.032,,2023,,A,Normal value,0,Units,0,Zero
DATAFLOW,OECD.ELS.SAE:DSD_EARNINGS@AV_AN_WAGE(1.0),Salaire annuel moyen,I,SVK,République slovaque,WG,Wages,EUR,Euro,A,Annuelle,Q,Prix constants,MEAN,Moyenne,_Z,Non applicable,2013,,16159.23,,2023,,A,Normal value,0,Units,0,Zero
DATAFLOW,OECD.ELS.SAE:DSD_EARNINGS@AV_AN_WAGE(1.0),Salaire annuel moyen,I,LVA,Lettonie,WG,Wages,EUR,Euro,A,Annuelle,Q,Prix constants,MEAN,Moyenne,_Z,Non applicable,2017,,18416.043,,2023,,A,Normal value,0,Units,0,Zero
DATAFLOW,OECD.ELS.SAE:DSD_EARNINGS@AV_AN_WAGE(1.0),Salaire annuel moyen,I,LVA,Lettonie,WG,Wages,EUR,Euro,A,Annuelle,Q,Prix constants,MEAN,Moyenne,_Z,Non applicable,2016,,17781.162,,2023,,A,Normal value,0,Units,0,Zero
DATAFLOW,OECD.ELS.SAE:DSD_EARNINGS@AV_AN_WAGE(1.0),Salaire annuel moyen,I,LVA,Lettonie,WG,Wages,EUR,Euro,A,Annuelle,Q,Prix constants,MEAN,Moyenne,_Z,Non applicable,2015,,16786.918,,2023,,A,Normal value,0,Units,0,Zero
DATAFLOW,OECD.ELS.SAE:DSD_EARNINGS@AV_AN_WAGE(1.0),Salaire annuel moyen,I,FRA,France,WG,Wages,EUR,Euro,A,Annuelle,Q,Prix constants,MEAN,Moyenne,_Z,Non applicable,2022,,44329.516,,2023,,A,Normal value,0,Units,0,Zero
DATAFLOW,OECD.ELS.SAE:DSD_EARNINGS@AV_AN_WAGE(1.0),Salaire annuel moyen,I,ESP,Espagne,WG,Wages,EUR,Euro,A,Annuelle,Q,Prix constants,MEAN,Moyenne,_Z,Non applicable,2022,,31647.662,,2023,,A,Normal value,0,Units,0,Zero
DATAFLOW,OECD.ELS.SAE:DSD_EARNINGS@AV_AN_WAGE(1.0),Salaire annuel moyen,I,EST,Estonie,WG,Wages,EUR,Euro,A,Annuelle,Q,Prix constants,MEAN,Moyenne,_Z,Non applicable,2015,,20097.517,,2023,,A,Normal value,0,Units,0,Zero
DATAFLOW,OECD.ELS.SAE:DSD_EARNINGS@AV_AN_WAGE(1.0),Salaire annuel moyen,I,GRC,Grèce,WG,Wages,EUR,Euro,A,Annuelle,Q,Prix constants,MEAN,Moyenne,_Z,Non applicable,2018,,17814.212,,2023,,A,Normal value,0,Units,0,Zero
DATAFLOW,OECD.ELS.SAE:DSD_EARNINGS@AV_AN_WAGE(1.0),Salaire annuel moyen,I,GRC,Grèce,WG,Wages,EUR,Euro,A,Annuelle,Q,Prix constants,MEAN,Moyenne,_Z,Non applicable,2017,,18676.151,,2023,,A,Normal value,0,Units,0,Zero
DATAFLOW,OECD.ELS.SAE:DSD_EARNINGS@AV_AN_WAGE(1.0),Salaire annuel moyen,I,GRC,Grèce,WG,Wages,EUR,Euro,A,Annuelle,Q,Prix constants,MEAN,Moyenne,_Z,Non applicable,2016,,18557.701,,2023,,A,Normal value,0,Units,0,Zero
DATAFLOW,OECD.ELS.SAE:DSD_EARNINGS@AV_AN_WAGE(1.0),Salaire annuel moyen,I,GRC,Grèce,WG,Wages,EUR,Euro,A,Annuelle,Q,Prix constants,MEAN,Moyenne,_Z,Non applicable,2014,,18808.804,,2023,,A,Normal value,0,Units,0,Zero
DATAFLOW,OECD.ELS.SAE:DSD_EARNINGS@AV_AN_WAGE(1.0),Salaire annuel moyen,I,GRC,Grèce,WG,Wages,EUR,Euro,A,Annuelle,Q,Prix constants,MEAN,Moyenne,_Z,Non applicable,2013,,18886.536,,2023,,A,Normal value,0,Units,0,Zero
DATAFLOW,OECD.ELS.SAE:DSD_EARNINGS@AV_AN_WAGE(1.0),Salaire annuel moyen,I,GRC,Grèce,WG,Wages,EUR,Euro,A,Annuelle,Q,Prix constants,MEAN,Moyenne,_Z,Non applicable,2015,,18993.576,,2023,,A,Normal value,0,Units,0,Zero
DATAFLOW,OECD.ELS.SAE:DSD_EARNINGS@AV_AN_WAGE(1.0),Salaire annuel moyen,I,GRC,Grèce,WG,Wages,EUR,Euro,A,Annuelle,Q,Prix constants,MEAN,Moyenne,_Z,Non applicable,2023,,17684.569,,2023,,A,Normal value,0,Units,0,Zero
DATAFLOW,OECD.ELS.SAE:DSD_EARNINGS@AV_AN_WAGE(1.0),Salaire annuel moyen,I,LUX,Luxembourg,WG,Wages,EUR,Euro,A,Annuelle,Q,Prix constants,MEAN,Moyenne,_Z,Non applicable,2023,,80912.566,,2023,,A,Normal value,0,Units,0,Zero
DATAFLOW,OECD.ELS.SAE:DSD_EARNINGS@AV_AN_WAGE(1.0),Salaire annuel moyen,I,LUX,Luxembourg,WG,Wages,EUR,Euro,A,Annuelle,Q,Prix constants,MEAN,Moyenne,_Z,Non applicable,2022,,78125.786,,2023,,A,Normal value,0,Units,0,Zero
DATAFLOW,OECD.ELS.SAE:DSD_EARNINGS@AV_AN_WAGE(1.0),Salaire annuel moyen,I,LUX,Luxembourg,WG,Wages,EUR,Euro,A,Annuelle,Q,Prix constants,MEAN,Moyenne,_Z,Non applicable,2021,,78391.552,,2023,,A,Normal value,0,Units,0,Zero
DATAFLOW,OECD.ELS.SAE:DSD_EARNINGS@AV_AN_WAGE(1.0),Salaire annuel moyen,I,NLD,Pays-Bas,WG,Wages,EUR,Euro,A,Annuelle,V,Prix courants,MEAN,Moyenne,_Z,Non applicable,2020,,49747.261,,,,A,Normal value,0,Units,0,Zero
DATAFLOW,OECD.ELS.SAE:DSD_EARNINGS@AV_AN_WAGE(1.0),Salaire annuel moyen,I,NLD,Pays-Bas,WG,Wages,EUR,Euro,A,Annuelle,V,Prix courants,MEAN,Moyenne,_Z,Non applicable,2019,,48060.423,,,,A,Normal value,0,Units,0,Zero
DATAFLOW,OECD.ELS.SAE:DSD_EARNINGS@AV_AN_WAGE(1.0),Salaire annuel moyen,I,NLD,Pays-Bas,WG,Wages,EUR,Euro,A,Annuelle,V,Prix courants,MEAN,Moyenne,_Z,Non applicable,2018,,47173.791,,,,A,Normal value,0,Units,0,Zero
DATAFLOW,OECD.ELS.SAE:DSD_EARNINGS@AV_AN_WAGE(1.0),Salaire annuel moyen,I,LTU,Lituanie,WG,Wages,EUR,Euro,A,Annuelle,Q,Prix constants,MEAN,Moyenne,_Z,Non applicable,2020,,26335.793,,2023,,A,Normal value,0,Units,0,Zero
DATAFLOW,OECD.ELS.SAE:DSD_EARNINGS@AV_AN_WAGE(1.0),Salaire annuel moyen,I,LTU,Lituanie,WG,Wages,EUR,Euro,A,Annuelle,Q,Prix constants,MEAN,Moyenne,_Z,Non applicable,2019,,25063.7,,2023,,A,Normal value,0,Units,0,Zero
DATAFLOW,OECD.ELS.SAE:DSD_EARNINGS@AV_AN_WAGE(1.0),Salaire annuel moyen,I,LTU,Lituanie,WG,Wages,EUR,Euro,A,Annuelle,Q,Prix constants,MEAN,Moyenne,_Z,Non applicable,2018,,23482.694,,2023,,A,Normal value,0,Units,0,Zero
DATAFLOW,OECD.ELS.SAE:DSD_EARNINGS@AV_AN_WAGE(1.0),Salaire annuel moyen,I,LTU,Lituanie,WG,Wages,EUR,Euro,A,Annuelle,Q,Prix constants,MEAN,Moyenne,_Z,Non applicable,2017,,22470.559,,2023,,A,Normal value,0,Units,0,Zero
DATAFLOW,OECD.ELS.SAE:DSD_EARNINGS@AV_AN_WAGE(1.0),Salaire annuel moyen,I,LTU,Lituanie,WG,Wages,EUR,Euro,A,Annuelle,Q,Prix constants,MEAN,Moyenne,_Z,Non applicable,2016,,21262.115,,2023,,A,Normal value,0,Units,0,Zero
DATAFLOW,OECD.ELS.SAE:DSD_EARNINGS@AV_AN_WAGE(1.0),Salaire annuel moyen,I,LTU,Lituanie,WG,Wages,EUR,Euro,A,Annuelle,Q,Prix constants,MEAN,Moyenne,_Z,Non applicable,2015,,20206.674,,2023,,A,Normal value,0,Units,0,Zero
DATAFLOW,OECD.ELS.SAE:DSD_EARNINGS@AV_AN_WAGE(1.0),Salaire annuel moyen,I,LTU,Lituanie,WG,Wages,EUR,Euro,A,Annuelle,Q,Prix constants,MEAN,Moyenne,_Z,Non applicable,2014,,18976.949,,2023,,A,Normal value,0,Units,0,Zero
DATAFLOW,OECD.ELS.SAE:DSD_EARNINGS@AV_AN_WAGE(1.0),Salaire annuel moyen,I,LTU,Lituanie,WG,Wages,EUR,Euro,A,Annuelle,Q,Prix constants,MEAN,Moyenne,_Z,Non applicable,2013,,18141.029,,2023,,A,Normal value,0,Units,0,Zero
DATAFLOW,OECD.ELS.SAE:DSD_EARNINGS@AV_AN_WAGE(1.0),Salaire annuel moyen,I,LTU,Lituanie,WG,Wages,EUR,Euro,A,Annuelle,Q,Prix constants,MEAN,Moyenne,_Z,Non applicable,2023,,26719.293,,2023,,A,Normal value,0,Units,0,Zero
DATAFLOW,OECD.ELS.SAE:DSD_EARNINGS@AV_AN_WAGE(1.0),Salaire annuel moyen,I,SVN,Slovénie,WG,Wages,EUR,Euro,A,Annuelle,Q,Prix constants,MEAN,Moyenne,_Z,Non applicable,2021,,33689.646,,2023,,A,Normal value,0,Units,0,Zero
DATAFLOW,OECD.ELS.SAE:DSD_EARNINGS@AV_AN_WAGE(1.0),Salaire annuel moyen,I,SVN,Slovénie,WG,Wages,EUR,Euro,A,Annuelle,Q,Prix constants,MEAN,Moyenne,_Z,Non applicable,2020,,32309.229,,2023,,A,Normal value,0,Units,0,Zero
DATAFLOW,OECD.ELS.SAE:DSD_EARNINGS@AV_AN_WAGE(1.0),Salaire annuel moyen,I,SVN,Slovénie,WG,Wages,EUR,Euro,A,Annuelle,Q,Prix constants,MEAN,Moyenne,_Z,Non applicable,2019,,31380.387,,2023,,A,Normal value,0,Units,0,Zero
DATAFLOW,OECD.ELS.SAE:DSD_EARNINGS@AV_AN_WAGE(1.0),Salaire annuel moyen,I,SVN,Slovénie,WG,Wages,EUR,Euro,A,Annuelle,Q,Prix constants,MEAN,Moyenne,_Z,Non applicable,2018,,30522.475,,2023,,A,Normal value,0,Units,0,Zero
DATAFLOW,OECD.ELS.SAE:DSD_EARNINGS@AV_AN_WAGE(1.0),Salaire annuel moyen,I,SVN,Slovénie,WG,Wages,EUR,Euro,A,Annuelle,Q,Prix constants,MEAN,Moyenne,_Z,Non applicable,2017,,29983.551,,2023,,A,Normal value,0,Units,0,Zero
DATAFLOW,OECD.ELS.SAE:DSD_EARNINGS@AV_AN_WAGE(1.0),Salaire annuel moyen,I,SVN,Slovénie,WG,Wages,EUR,Euro,A,Annuelle,Q,Prix constants,MEAN,Moyenne,_Z,Non applicable,2016,,29308.616,,2023,,A,Normal value,0,Units,0,Zero
DATAFLOW,OECD.ELS.SAE:DSD_EARNINGS@AV_AN_WAGE(1.0),Salaire annuel moyen,I,SVN,Slovénie,WG,Wages,EUR,Euro,A,Annuelle,Q,Prix constants,MEAN,Moyenne,_Z,Non applicable,2015,,28256.869,,2023,,A,Normal value,0,Units,0,Zero
DATAFLOW,OECD.ELS.SAE:DSD_EARNINGS@AV_AN_WAGE(1.0),Salaire annuel moyen,I,SVN,Slovénie,WG,Wages,EUR,Euro,A,Annuelle,Q,Prix constants,MEAN,Moyenne,_Z,Non applicable,2014,,27721.163,,2023,,A,Normal value,0,Units,0,Zero
DATAFLOW,OECD.ELS.SAE:DSD_EARNINGS@AV_AN_WAGE(1.0),Salaire annuel moyen,I,SVN,Slovénie,WG,Wages,EUR,Euro,A,Annuelle,Q,Prix constants,MEAN,Moyenne,_Z,Non applicable,2013,,27235.224,,2023,,A,Normal value,0,Units,0,Zero
DATAFLOW,OECD.ELS.SAE:DSD_EARNINGS@AV_AN_WAGE(1.0),Salaire annuel moyen,I,SVN,Slovénie,WG,Wages,EUR,Euro,A,Annuelle,Q,Prix constants,MEAN,Moyenne,_Z,Non applicable,2023,,33936.229,,2023,,A,Normal value,0,Units,0,Zero
DATAFLOW,OECD.ELS.SAE:DSD_EARNINGS@AV_AN_WAGE(1.0),Salaire annuel moyen,I,SVK,République slovaque,WG,Wages,EUR,Euro,A,Annuelle,Q,Prix constants,MEAN,Moyenne,_Z,Non applicable,2021,,20017.176,,2023,,A,Normal value,0,Units,0,Zero
DATAFLOW,OECD.ELS.SAE:DSD_EARNINGS@AV_AN_WAGE(1.0),Salaire annuel moyen,I,SVK,République slovaque,WG,Wages,EUR,Euro,A,Annuelle,Q,Prix constants,MEAN,Moyenne,_Z,Non applicable,2020,,19574.477,,2023,,A,Normal value,0,Units,0,Zero
DATAFLOW,OECD.ELS.SAE:DSD_EARNINGS@AV_AN_WAGE(1.0),Salaire annuel moyen,I,SVK,République slovaque,WG,Wages,EUR,Euro,A,Annuelle,Q,Prix constants,MEAN,Moyenne,_Z,Non applicable,2019,,19323.852,,2023,,A,Normal value,0,Units,0,Zero
DATAFLOW,OECD.ELS.SAE:DSD_EARNINGS@AV_AN_WAGE(1.0),Salaire annuel moyen,I,SVK,République slovaque,WG,Wages,EUR,Euro,A,Annuelle,Q,Prix constants,MEAN,Moyenne,_Z,Non applicable,2018,,18712.58,,2023,,A,Normal value,0,Units,0,Zero
DATAFLOW,OECD.ELS.SAE:DSD_EARNINGS@AV_AN_WAGE(1.0),Salaire annuel moyen,I,SVK,République slovaque,WG,Wages,EUR,Euro,A,Annuelle,Q,Prix constants,MEAN,Moyenne,_Z,Non applicable,2017,,18196.504,,2023,,A,Normal value,0,Units,0,Zero
DATAFLOW,OECD.ELS.SAE:DSD_EARNINGS@AV_AN_WAGE(1.0),Salaire annuel moyen,I,SVK,République slovaque,WG,Wages,EUR,Euro,A,Annuelle,Q,Prix constants,MEAN,Moyenne,_Z,Non applicable,2016,,17673.544,,2023,,A,Normal value,0,Units,0,Zero
DATAFLOW,OECD.ELS.SAE:DSD_EARNINGS@AV_AN_WAGE(1.0),Salaire annuel moyen,I,ESP,Espagne,WG,Wages,EUR,Euro,A,Annuelle,Q,Prix constants,MEAN,Moyenne,_Z,Non applicable,2014,,31349.736,,2023,,A,Normal value,0,Units,0,Zero
DATAFLOW,OECD.ELS.SAE:DSD_EARNINGS@AV_AN_WAGE(1.0),Salaire annuel moyen,I,ESP,Espagne,WG,Wages,EUR,Euro,A,Annuelle,Q,Prix constants,MEAN,Moyenne,_Z,Non applicable,2013,,31446.353,,2023,,A,Normal value,0,Units,0,Zero
DATAFLOW,OECD.ELS.SAE:DSD_EARNINGS@AV_AN_WAGE(1.0),Salaire annuel moyen,I,ESP,Espagne,WG,Wages,EUR,Euro,A,Annuelle,Q,Prix constants,MEAN,Moyenne,_Z,Non applicable,2023,,31944.562,,2023,,A,Normal value,0,Units,0,Zero
DATAFLOW,OECD.ELS.SAE:DSD_EARNINGS@AV_AN_WAGE(1.0),Salaire annuel moyen,I,GRC,Grèce,WG,Wages,EUR,Euro,A,Annuelle,Q,Prix constants,MEAN,Moyenne,_Z,Non applicable,2019,,17844.063,,2023,,A,Normal value,0,Units,0,Zero
DATAFLOW,OECD.ELS.SAE:DSD_EARNINGS@AV_AN_WAGE(1.0),Salaire annuel moyen,I,FIN,Finlande,WG,Wages,EUR,Euro,A,Annuelle,Q,Prix constants,MEAN,Moyenne,_Z,Non applicable,2021,,50476.171,,2023,,A,Normal value,0,Units,0,Zero
DATAFLOW,OECD.ELS.SAE:DSD_EARNINGS@AV_AN_WAGE(1.0),Salaire annuel moyen,I,FIN,Finlande,WG,Wages,EUR,Euro,A,Annuelle,Q,Prix constants,MEAN,Moyenne,_Z,Non applicable,2020,,48778.377,,2023,,A,Normal value,0,Units,0,Zero
DATAFLOW,OECD.ELS.SAE:DSD_EARNINGS@AV_AN_WAGE(1.0),Salaire annuel moyen,I,FIN,Finlande,WG,Wages,EUR,Euro,A,Annuelle,Q,Prix constants,MEAN,Moyenne,_Z,Non applicable,2019,,48515.677,,2023,,A,Normal value,0,Units,0,Zero
DATAFLOW,OECD.ELS.SAE:DSD_EARNINGS@AV_AN_WAGE(1.0),Salaire annuel moyen,I,FIN,Finlande,WG,Wages,EUR,Euro,A,Annuelle,Q,Prix constants,MEAN,Moyenne,_Z,Non applicable,2018,,47824.547,,2023,,A,Normal value,0,Units,0,Zero
DATAFLOW,OECD.ELS.SAE:DSD_EARNINGS@AV_AN_WAGE(1.0),Salaire annuel moyen,I,FIN,Finlande,WG,Wages,EUR,Euro,A,Annuelle,Q,Prix constants,MEAN,Moyenne,_Z,Non applicable,2017,,47474.358,,2023,,A,Normal value,0,Units,0,Zero
DATAFLOW,OECD.ELS.SAE:DSD_EARNINGS@AV_AN_WAGE(1.0),Salaire annuel moyen,I,FIN,Finlande,WG,Wages,EUR,Euro,A,Annuelle,Q,Prix constants,MEAN,Moyenne,_Z,Non applicable,2016,,47748.483,,2023,,A,Normal value,0,Units,0,Zero
DATAFLOW,OECD.ELS.SAE:DSD_EARNINGS@AV_AN_WAGE(1.0),Salaire annuel moyen,I,FIN,Finlande,WG,Wages,EUR,Euro,A,Annuelle,Q,Prix constants,MEAN,Moyenne,_Z,Non applicable,2015,,47332.794,,2023,,A,Normal value,0,Units,0,Zero
DATAFLOW,OECD.ELS.SAE:DSD_EARNINGS@AV_AN_WAGE(1.0),Salaire annuel moyen,I,FIN,Finlande,WG,Wages,EUR,Euro,A,Annuelle,Q,Prix constants,MEAN,Moyenne,_Z,Non applicable,2014,,46964.949,,2023,,A,Normal value,0,Units,0,Zero
DATAFLOW,OECD.ELS.SAE:DSD_EARNINGS@AV_AN_WAGE(1.0),Salaire annuel moyen,I,FIN,Finlande,WG,Wages,EUR,Euro,A,Annuelle,Q,Prix constants,MEAN,Moyenne,_Z,Non applicable,2013,,46980.424,,2023,,A,Normal value,0,Units,0,Zero
DATAFLOW,OECD.ELS.SAE:DSD_EARNINGS@AV_AN_WAGE(1.0),Salaire annuel moyen,I,FIN,Finlande,WG,Wages,EUR,Euro,A,Annuelle,Q,Prix constants,MEAN,Moyenne,_Z,Non applicable,2023,,48273.394,,2023,,A,Normal value,0,Units,0,Zero
DATAFLOW,OECD.ELS.SAE:DSD_EARNINGS@AV_AN_WAGE(1.0),Salaire annuel moyen,I,NLD,Pays-Bas,WG,Wages,EUR,Euro,A,Annuelle,Q,Prix constants,MEAN,Moyenne,_Z,Non applicable,2021,,59092.115,,2023,,A,Normal value,0,Units,0,Zero
DATAFLOW,OECD.ELS.SAE:DSD_EARNINGS@AV_AN_WAGE(1.0),Salaire annuel moyen,I,NLD,Pays-Bas,WG,Wages,EUR,Euro,A,Annuelle,Q,Prix constants,MEAN,Moyenne,_Z,Non applicable,2020,,59774.081,,2023,,A,Normal value,0,Units,0,Zero
DATAFLOW,OECD.ELS.SAE:DSD_EARNINGS@AV_AN_WAGE(1.0),Salaire annuel moyen,I,NLD,Pays-Bas,WG,Wages,EUR,Euro,A,Annuelle,Q,Prix constants,MEAN,Moyenne,_Z,Non applicable,2019,,58492.38,,2023,,A,Normal value,0,Units,0,Zero
DATAFLOW,OECD.ELS.SAE:DSD_EARNINGS@AV_AN_WAGE(1.0),Salaire annuel moyen,I,NLD,Pays-Bas,WG,Wages,EUR,Euro,A,Annuelle,Q,Prix constants,MEAN,Moyenne,_Z,Non applicable,2018,,58908.004,,2023,,A,Normal value,0,Units,0,Zero
DATAFLOW,OECD.ELS.SAE:DSD_EARNINGS@AV_AN_WAGE(1.0),Salaire annuel moyen,I,NLD,Pays-Bas,WG,Wages,EUR,Euro,A,Annuelle,Q,Prix constants,MEAN,Moyenne,_Z,Non applicable,2017,,59566.775,,2023,,A,Normal value,0,Units,0,Zero
DATAFLOW,OECD.ELS.SAE:DSD_EARNINGS@AV_AN_WAGE(1.0),Salaire annuel moyen,I,NLD,Pays-Bas,WG,Wages,EUR,Euro,A,Annuelle,Q,Prix constants,MEAN,Moyenne,_Z,Non applicable,2016,,60006,,2023,,A,Normal value,0,Units,0,Zero
DATAFLOW,OECD.ELS.SAE:DSD_EARNINGS@AV_AN_WAGE(1.0),Salaire annuel moyen,I,NLD,Pays-Bas,WG,Wages,EUR,Euro,A,Annuelle,Q,Prix constants,MEAN,Moyenne,_Z,Non applicable,2015,,59766.668,,2023,,A,Normal value,0,Units,0,Zero
DATAFLOW,OECD.ELS.SAE:DSD_EARNINGS@AV_AN_WAGE(1.0),Salaire annuel moyen,I,NLD,Pays-Bas,WG,Wages,EUR,Euro,A,Annuelle,Q,Prix constants,MEAN,Moyenne,_Z,Non applicable,2014,,59047.086,,2023,,A,Normal value,0,Units,0,Zero
DATAFLOW,OECD.ELS.SAE:DSD_EARNINGS@AV_AN_WAGE(1.0),Salaire annuel moyen,I,NLD,Pays-Bas,WG,Wages,EUR,Euro,A,Annuelle,Q,Prix constants,MEAN,Moyenne,_Z,Non applicable,2013,,59368.412,,2023,,A,Normal value,0,Units,0,Zero
DATAFLOW,OECD.ELS.SAE:DSD_EARNINGS@AV_AN_WAGE(1.0),Salaire annuel moyen,I,NLD,Pays-Bas,WG,Wages,EUR,Euro,A,Annuelle,Q,Prix constants,MEAN,Moyenne,_Z,Non applicable,2023,,55542.416,,2023,,A,Normal value,0,Units,0,Zero
DATAFLOW,OECD.ELS.SAE:DSD_EARNINGS@AV_AN_WAGE(1.0),Salaire annuel moyen,I,BEL,Belgique,WG,Wages,EUR,Euro,A,Annuelle,Q,Prix constants,MEAN,Moyenne,_Z,Non applicable,2023,,56679.335,,2023,,A,Normal value,0,Units,0,Zero
DATAFLOW,OECD.ELS.SAE:DSD_EARNINGS@AV_AN_WAGE(1.0),Salaire annuel moyen,I,BEL,Belgique,WG,Wages,EUR,Euro,A,Annuelle,Q,Prix constants,MEAN,Moyenne,_Z,Non applicable,2022,,55084.296,,2023,,A,Normal value,0,Units,0,Zero
DATAFLOW,OECD.ELS.SAE:DSD_EARNINGS@AV_AN_WAGE(1.0),Salaire annuel moyen,I,BEL,Belgique,WG,Wages,EUR,Euro,A,Annuelle,Q,Prix constants,MEAN,Moyenne,_Z,Non applicable,2021,,56253.049,,2023,,A,Normal value,0,Units,0,Zero
DATAFLOW,OECD.ELS.SAE:DSD_EARNINGS@AV_AN_WAGE(1.0),Salaire annuel moyen,I,BEL,Belgique,WG,Wages,EUR,Euro,A,Annuelle,Q,Prix constants,MEAN,Moyenne,_Z,Non applicable,2020,,54529.863,,2023,,A,Normal value,0,Units,0,Zero
DATAFLOW,OECD.ELS.SAE:DSD_EARNINGS@AV_AN_WAGE(1.0),Salaire annuel moyen,I,BEL,Belgique,WG,Wages,EUR,Euro,A,Annuelle,Q,Prix constants,MEAN,Moyenne,_Z,Non applicable,2019,,56239.204,,2023,,A,Normal value,0,Units,0,Zero
DATAFLOW,OECD.ELS.SAE:DSD_EARNINGS@AV_AN_WAGE(1.0),Salaire annuel moyen,I,BEL,Belgique,WG,Wages,EUR,Euro,A,Annuelle,Q,Prix constants,MEAN,Moyenne,_Z,Non applicable,2018,,55690.932,,2023,,A,Normal value,0,Units,0,Zero
DATAFLOW,OECD.ELS.SAE:DSD_EARNINGS@AV_AN_WAGE(1.0),Salaire annuel moyen,I,BEL,Belgique,WG,Wages,EUR,Euro,A,Annuelle,Q,Prix constants,MEAN,Moyenne,_Z,Non applicable,2017,,55363.596,,2023,,A,Normal value,0,Units,0,Zero
DATAFLOW,OECD.ELS.SAE:DSD_EARNINGS@AV_AN_WAGE(1.0),Salaire annuel moyen,I,BEL,Belgique,WG,Wages,EUR,Euro,A,Annuelle,Q,Prix constants,MEAN,Moyenne,_Z,Non applicable,2016,,55753.905,,2023,,A,Normal value,0,Units,0,Zero
DATAFLOW,OECD.ELS.SAE:DSD_EARNINGS@AV_AN_WAGE(1.0),Salaire annuel moyen,I,BEL,Belgique,WG,Wages,EUR,Euro,A,Annuelle,Q,Prix constants,MEAN,Moyenne,_Z,Non applicable,2015,,55634.192,,2023,,A,Normal value,0,Units,0,Zero
DATAFLOW,OECD.ELS.SAE:DSD_EARNINGS@AV_AN_WAGE(1.0),Salaire annuel moyen,I,BEL,Belgique,WG,Wages,EUR,Euro,A,Annuelle,Q,Prix constants,MEAN,Moyenne,_Z,Non applicable,2014,,56014.338,,2023,,A,Normal value,0,Units,0,Zero
DATAFLOW,OECD.ELS.SAE:DSD_EARNINGS@AV_AN_WAGE(1.0),Salaire annuel moyen,I,AUT,Autriche,WG,Wages,EUR,Euro,A,Annuelle,Q,Prix constants,MEAN,Moyenne,_Z,Non applicable,2013,,51924.054,,2023,,A,Normal value,0,Units,0,Zero
DATAFLOW,OECD.ELS.SAE:DSD_EARNINGS@AV_AN_WAGE(1.0),Salaire annuel moyen,I,AUT,Autriche,WG,Wages,EUR,Euro,A,Annuelle,Q,Prix constants,MEAN,Moyenne,_Z,Non applicable,2023,,53242.416,,2023,,A,Normal value,0,Units,0,Zero
DATAFLOW,OECD.ELS.SAE:DSD_EARNINGS@AV_AN_WAGE(1.0),Salaire annuel moyen,I,AUT,Autriche,WG,Wages,EUR,Euro,A,Annuelle,Q,Prix constants,MEAN,Moyenne,_Z,Non applicable,2022,,53371.936,,2023,,A,Normal value,0,Units,0,Zero
DATAFLOW,OECD.ELS.SAE:DSD_EARNINGS@AV_AN_WAGE(1.0),Salaire annuel moyen,I,AUT,Autriche,WG,Wages,EUR,Euro,A,Annuelle,Q,Prix constants,MEAN,Moyenne,_Z,Non applicable,2021,,54630.458,,2023,,A,Normal value,0,Units,0,Zero
DATAFLOW,OECD.ELS.SAE:DSD_EARNINGS@AV_AN_WAGE(1.0),Salaire annuel moyen,I,AUT,Autriche,WG,Wages,EUR,Euro,A,Annuelle,Q,Prix constants,MEAN,Moyenne,_Z,Non applicable,2020,,53798.897,,2023,,A,Normal value,0,Units,0,Zero
DATAFLOW,OECD.ELS.SAE:DSD_EARNINGS@AV_AN_WAGE(1.0),Salaire annuel moyen,I,AUT,Autriche,WG,Wages,EUR,Euro,A,Annuelle,Q,Prix constants,MEAN,Moyenne,_Z,Non applicable,2019,,53650.239,,2023,,A,Normal value,0,Units,0,Zero
DATAFLOW,OECD.ELS.SAE:DSD_EARNINGS@AV_AN_WAGE(1.0),Salaire annuel moyen,I,AUT,Autriche,WG,Wages,EUR,Euro,A,Annuelle,Q,Prix constants,MEAN,Moyenne,_Z,Non applicable,2018,,53211.355,,2023,,A,Normal value,0,Units,0,Zero
DATAFLOW,OECD.ELS.SAE:DSD_EARNINGS@AV_AN_WAGE(1.0),Salaire annuel moyen,I,AUT,Autriche,WG,Wages,EUR,Euro,A,Annuelle,Q,Prix constants,MEAN,Moyenne,_Z,Non applicable,2017,,53011.035,,2023,,A,Normal value,0,Units,0,Zero
DATAFLOW,OECD.ELS.SAE:DSD_EARNINGS@AV_AN_WAGE(1.0),Salaire annuel moyen,I,AUT,Autriche,WG,Wages,EUR,Euro,A,Annuelle,Q,Prix constants,MEAN,Moyenne,_Z,Non applicable,2016,,53003.218,,2023,,A,Normal value,0,Units,0,Zero
DATAFLOW,OECD.ELS.SAE:DSD_EARNINGS@AV_AN_WAGE(1.0),Salaire annuel moyen,I,AUT,Autriche,WG,Wages,EUR,Euro,A,Annuelle,Q,Prix constants,MEAN,Moyenne,_Z,Non applicable,2015,,52500.227,,2023,,A,Normal value,0,Units,0,Zero
DATAFLOW,OECD.ELS.SAE:DSD_EARNINGS@AV_AN_WAGE(1.0),Salaire annuel moyen,I,FRA,France,WG,Wages,EUR,Euro,A,Annuelle,Q,Prix constants,MEAN,Moyenne,_Z,Non applicable,2021,,44143.872,,2023,,A,Normal value,0,Units,0,Zero
DATAFLOW,OECD.ELS.SAE:DSD_EARNINGS@AV_AN_WAGE(1.0),Salaire annuel moyen,I,FRA,France,WG,Wages,EUR,Euro,A,Annuelle,Q,Prix constants,MEAN,Moyenne,_Z,Non applicable,2020,,42469.982,,2023,,A,Normal value,0,Units,0,Zero
DATAFLOW,OECD.ELS.SAE:DSD_EARNINGS@AV_AN_WAGE(1.0),Salaire annuel moyen,I,FRA,France,WG,Wages,EUR,Euro,A,Annuelle,Q,Prix constants,MEAN,Moyenne,_Z,Non applicable,2019,,44673.411,,2023,,A,Normal value,0,Units,0,Zero
DATAFLOW,OECD.ELS.SAE:DSD_EARNINGS@AV_AN_WAGE(1.0),Salaire annuel moyen,I,FRA,France,WG,Wages,EUR,Euro,A,Annuelle,Q,Prix constants,MEAN,Moyenne,_Z,Non applicable,2018,,44246.11,,2023,,A,Normal value,0,Units,0,Zero
DATAFLOW,OECD.ELS.SAE:DSD_EARNINGS@AV_AN_WAGE(1.0),Salaire annuel moyen,I,FRA,France,WG,Wages,EUR,Euro,A,Annuelle,Q,Prix constants,MEAN,Moyenne,_Z,Non applicable,2017,,44303.239,,2023,,A,Normal value,0,Units,0,Zero
DATAFLOW,OECD.ELS.SAE:DSD_EARNINGS@AV_AN_WAGE(1.0),Salaire annuel moyen,I,FRA,France,WG,Wages,EUR,Euro,A,Annuelle,Q,Prix constants,MEAN,Moyenne,_Z,Non applicable,2016,,43696.93,,2023,,A,Normal value,0,Units,0,Zero
DATAFLOW,OECD.ELS.SAE:DSD_EARNINGS@AV_AN_WAGE(1.0),Salaire annuel moyen,I,FRA,France,WG,Wages,EUR,Euro,A,Annuelle,Q,Prix constants,MEAN,Moyenne,_Z,Non applicable,2015,,43197.18,,2023,,A,Normal value,0,Units,0,Zero
DATAFLOW,OECD.ELS.SAE:DSD_EARNINGS@AV_AN_WAGE(1.0),Salaire annuel moyen,I,FRA,France,WG,Wages,EUR,Euro,A,Annuelle,Q,Prix constants,MEAN,Moyenne,_Z,Non applicable,2014,,42788.749,,2023,,A,Normal value,0,Units,0,Zero
DATAFLOW,OECD.ELS.SAE:DSD_EARNINGS@AV_AN_WAGE(1.0),Salaire annuel moyen,I,FRA,France,WG,Wages,EUR,Euro,A,Annuelle,Q,Prix constants,MEAN,Moyenne,_Z,Non applicable,2013,,42496.564,,2023,,A,Normal value,0,Units,0,Zero
DATAFLOW,OECD.ELS.SAE:DSD_EARNINGS@AV_AN_WAGE(1.0),Salaire annuel moyen,I,FRA,France,WG,Wages,EUR,Euro,A,Annuelle,Q,Prix constants,MEAN,Moyenne,_Z,Non applicable,2023,,43592.42,,2023,,A,Normal value,0,Units,0,Zero
DATAFLOW,OECD.ELS.SAE:DSD_EARNINGS@AV_AN_WAGE(1.0),Salaire annuel moyen,I,ESP,Espagne,WG,Wages,EUR,Euro,A,Annuelle,Q,Prix constants,MEAN,Moyenne,_Z,Non applicable,2021,,32465.819,,2023,,A,Normal value,0,Units,0,Zero
DATAFLOW,OECD.ELS.SAE:DSD_EARNINGS@AV_AN_WAGE(1.0),Salaire annuel moyen,I,ESP,Espagne,WG,Wages,EUR,Euro,A,Annuelle,Q,Prix constants,MEAN,Moyenne,_Z,Non applicable,2020,,31368.729,,2023,,A,Normal value,0,Units,0,Zero
DATAFLOW,OECD.ELS.SAE:DSD_EARNINGS@AV_AN_WAGE(1.0),Salaire annuel moyen,I,ESP,Espagne,WG,Wages,EUR,Euro,A,Annuelle,Q,Prix constants,MEAN,Moyenne,_Z,Non applicable,2019,,31507.8,,2023,,A,Normal value,0,Units,0,Zero
DATAFLOW,OECD.ELS.SAE:DSD_EARNINGS@AV_AN_WAGE(1.0),Salaire annuel moyen,I,ESP,Espagne,WG,Wages,EUR,Euro,A,Annuelle,Q,Prix constants,MEAN,Moyenne,_Z,Non applicable,2018,,31146.526,,2023,,A,Normal value,0,Units,0,Zero
DATAFLOW,OECD.ELS.SAE:DSD_EARNINGS@AV_AN_WAGE(1.0),Salaire annuel moyen,I,LVA,Lettonie,WG,Wages,EUR,Euro,A,Annuelle,Q,Prix constants,MEAN,Moyenne,_Z,Non applicable,2021,,21730.119,,2023,,A,Normal value,0,Units,0,Zero
DATAFLOW,OECD.ELS.SAE:DSD_EARNINGS@AV_AN_WAGE(1.0),Salaire annuel moyen,I,LVA,Lettonie,WG,Wages,EUR,Euro,A,Annuelle,Q,Prix constants,MEAN,Moyenne,_Z,Non applicable,2020,,20658.46,,2023,,A,Normal value,0,Units,0,Zero
DATAFLOW,OECD.ELS.SAE:DSD_EARNINGS@AV_AN_WAGE(1.0),Salaire annuel moyen,I,LVA,Lettonie,WG,Wages,EUR,Euro,A,Annuelle,Q,Prix constants,MEAN,Moyenne,_Z,Non applicable,2019,,19875.33,,2023,,A,Normal value,0,Units,0,Zero
DATAFLOW,OECD.ELS.SAE:DSD_EARNINGS@AV_AN_WAGE(1.0),Salaire annuel moyen,I,LVA,Lettonie,WG,Wages,EUR,Euro,A,Annuelle,Q,Prix constants,MEAN,Moyenne,_Z,Non applicable,2018,,19093.301,,2023,,A,Normal value,0,Units,0,Zero
DATAFLOW,OECD.ELS.SAE:DSD_EARNINGS@AV_AN_WAGE(1.0),Salaire annuel moyen,I,LTU,Lituanie,WG,Wages,EUR,Euro,A,Annuelle,Q,Prix constants,MEAN,Moyenne,_Z,Non applicable,2021,,28045.709,,2023,,A,Normal value,0,Units,0,Zero
DATAFLOW,OECD.ELS.SAE:DSD_EARNINGS@AV_AN_WAGE(1.0),Salaire annuel moyen,I,BEL,Belgique,WG,Wages,EUR,Euro,A,Annuelle,V,Prix courants,MEAN,Moyenne,_Z,Non applicable,2020,,45915.947,,,,A,Normal value,0,Units,0,Zero
DATAFLOW,OECD.ELS.SAE:DSD_EARNINGS@AV_AN_WAGE(1.0),Salaire annuel moyen,I,BEL,Belgique,WG,Wages,EUR,Euro,A,Annuelle,V,Prix courants,MEAN,Moyenne,_Z,Non applicable,2019,,46952.506,,,,A,Normal value,0,Units,0,Zero
DATAFLOW,OECD.ELS.SAE:DSD_EARNINGS@AV_AN_WAGE(1.0),Salaire annuel moyen,I,BEL,Belgique,WG,Wages,EUR,Euro,A,Annuelle,V,Prix courants,MEAN,Moyenne,_Z,Non applicable,2018,,45847.71,,,,A,Normal value,0,Units,0,Zero
DATAFLOW,OECD.ELS.SAE:DSD_EARNINGS@AV_AN_WAGE(1.0),Salaire annuel moyen,I,LTU,Lituanie,WG,Wages,EUR,Euro,A,Annuelle,V,Prix courants,MEAN,Moyenne,_Z,Non applicable,2019,,18375.511,,,,A,Normal value,0,Units,0,Zero
DATAFLOW,OECD.ELS.SAE:DSD_EARNINGS@AV_AN_WAGE(1.0),Salaire annuel moyen,I,LTU,Lituanie,WG,Wages,EUR,Euro,A,Annuelle,V,Prix courants,MEAN,Moyenne,_Z,Non applicable,2018,,16839.81,,,,A,Normal value,0,Units,0,Zero
DATAFLOW,OECD.ELS.SAE:DSD_EARNINGS@AV_AN_WAGE(1.0),Salaire annuel moyen,I,LTU,Lituanie,WG,Wages,EUR,Euro,A,Annuelle,V,Prix courants,MEAN,Moyenne,_Z,Non applicable,2017,,15699.432,,,,A,Normal value,0,Units,0,Zero
DATAFLOW,OECD.ELS.SAE:DSD_EARNINGS@AV_AN_WAGE(1.0),Salaire annuel moyen,I,LTU,Lituanie,WG,Wages,EUR,Euro,A,Annuelle,V,Prix courants,MEAN,Moyenne,_Z,Non applicable,2016,,14350.063,,,,A,Normal value,0,Units,0,Zero
DATAFLOW,OECD.ELS.SAE:DSD_EARNINGS@AV_AN_WAGE(1.0),Salaire annuel moyen,I,LTU,Lituanie,WG,Wages,EUR,Euro,A,Annuelle,V,Prix courants,MEAN,Moyenne,_Z,Non applicable,2015,,13510.673,,,,A,Normal value,0,Units,0,Zero
DATAFLOW,OECD.ELS.SAE:DSD_EARNINGS@AV_AN_WAGE(1.0),Salaire annuel moyen,I,LTU,Lituanie,WG,Wages,EUR,Euro,A,Annuelle,V,Prix courants,MEAN,Moyenne,_Z,Non applicable,2014,,12814.747,,,,A,Normal value,0,Units,0,Zero
DATAFLOW,OECD.ELS.SAE:DSD_EARNINGS@AV_AN_WAGE(1.0),Salaire annuel moyen,I,GRC,Grèce,WG,Wages,EUR,Euro,A,Annuelle,V,Prix courants,MEAN,Moyenne,_Z,Non applicable,2013,,17706.742,,,,A,Normal value,0,Units,0,Zero
DATAFLOW,OECD.ELS.SAE:DSD_EARNINGS@AV_AN_WAGE(1.0),Salaire annuel moyen,I,GRC,Grèce,WG,Wages,EUR,Euro,A,Annuelle,V,Prix courants,MEAN,Moyenne,_Z,Non applicable,2023,,17684.569,,,,A,Normal value,0,Units,0,Zero
DATAFLOW,OECD.ELS.SAE:DSD_EARNINGS@AV_AN_WAGE(1.0),Salaire annuel moyen,I,GRC,Grèce,WG,Wages,EUR,Euro,A,Annuelle,V,Prix courants,MEAN,Moyenne,_Z,Non applicable,2022,,16817.813,,,,A,Normal value,0,Units,0,Zero
DATAFLOW,OECD.ELS.SAE:DSD_EARNINGS@AV_AN_WAGE(1.0),Salaire annuel moyen,I,GRC,Grèce,WG,Wages,EUR,Euro,A,Annuelle,V,Prix courants,MEAN,Moyenne,_Z,Non applicable,2021,,16265.377,,,,A,Normal value,0,Units,0,Zero
DATAFLOW,OECD.ELS.SAE:DSD_EARNINGS@AV_AN_WAGE(1.0),Salaire annuel moyen,I,GRC,Grèce,WG,Wages,EUR,Euro,A,Annuelle,V,Prix courants,MEAN,Moyenne,_Z,Non applicable,2020,,15942.769,,,,A,Normal value,0,Units,0,Zero
DATAFLOW,OECD.ELS.SAE:DSD_EARNINGS@AV_AN_WAGE(1.0),Salaire annuel moyen,I,GRC,Grèce,WG,Wages,EUR,Euro,A,Annuelle,V,Prix courants,MEAN,Moyenne,_Z,Non applicable,2019,,16060.604,,,,A,Normal value,0,Units,0,Zero
DATAFLOW,OECD.ELS.SAE:DSD_EARNINGS@AV_AN_WAGE(1.0),Salaire annuel moyen,I,GRC,Grèce,WG,Wages,EUR,Euro,A,Annuelle,V,Prix courants,MEAN,Moyenne,_Z,Non applicable,2018,,16027.741,,,,A,Normal value,0,Units,0,Zero
DATAFLOW,OECD.ELS.SAE:DSD_EARNINGS@AV_AN_WAGE(1.0),Salaire annuel moyen,I,GRC,Grèce,WG,Wages,EUR,Euro,A,Annuelle,V,Prix courants,MEAN,Moyenne,_Z,Non applicable,2017,,16785.086,,,,A,Normal value,0,Units,0,Zero
DATAFLOW,OECD.ELS.SAE:DSD_EARNINGS@AV_AN_WAGE(1.0),Salaire annuel moyen,I,GRC,Grèce,WG,Wages,EUR,Euro,A,Annuelle,V,Prix courants,MEAN,Moyenne,_Z,Non applicable,2016,,16617.699,,,,A,Normal value,0,Units,0,Zero
DATAFLOW,OECD.ELS.SAE:DSD_EARNINGS@AV_AN_WAGE(1.0),Salaire annuel moyen,I,GRC,Grèce,WG,Wages,EUR,Euro,A,Annuelle,V,Prix courants,MEAN,Moyenne,_Z,Non applicable,2015,,17161.851,,,,A,Normal value,0,Units,0,Zero
DATAFLOW,OECD.ELS.SAE:DSD_EARNINGS@AV_AN_WAGE(1.0),Salaire annuel moyen,I,EST,Estonie,WG,Wages,EUR,Euro,A,Annuelle,V,Prix courants,MEAN,Moyenne,_Z,Non applicable,2021,,20996.606,,,,A,Normal value,0,Units,0,Zero
DATAFLOW,OECD.ELS.SAE:DSD_EARNINGS@AV_AN_WAGE(1.0),Salaire annuel moyen,I,EST,Estonie,WG,Wages,EUR,Euro,A,Annuelle,V,Prix courants,MEAN,Moyenne,_Z,Non applicable,2020,,19116.715,,,,A,Normal value,0,Units,0,Zero
DATAFLOW,OECD.ELS.SAE:DSD_EARNINGS@AV_AN_WAGE(1.0),Salaire annuel moyen,I,EST,Estonie,WG,Wages,EUR,Euro,A,Annuelle,V,Prix courants,MEAN,Moyenne,_Z,Non applicable,2019,,18326.449,,,,A,Normal value,0,Units,0,Zero
DATAFLOW,OECD.ELS.SAE:DSD_EARNINGS@AV_AN_WAGE(1.0),Salaire annuel moyen,I,EST,Estonie,WG,Wages,EUR,Euro,A,Annuelle,V,Prix courants,MEAN,Moyenne,_Z,Non applicable,2018,,16979.65,,,,A,Normal value,0,Units,0,Zero
DATAFLOW,OECD.ELS.SAE:DSD_EARNINGS@AV_AN_WAGE(1.0),Salaire annuel moyen,I,EST,Estonie,WG,Wages,EUR,Euro,A,Annuelle,V,Prix courants,MEAN,Moyenne,_Z,Non applicable,2017,,15408.969,,,,A,Normal value,0,Units,0,Zero
DATAFLOW,OECD.ELS.SAE:DSD_EARNINGS@AV_AN_WAGE(1.0),Salaire annuel moyen,I,EST,Estonie,WG,Wages,EUR,Euro,A,Annuelle,V,Prix courants,MEAN,Moyenne,_Z,Non applicable,2016,,14462.097,,,,A,Normal value,0,Units,0,Zero
DATAFLOW,OECD.ELS.SAE:DSD_EARNINGS@AV_AN_WAGE(1.0),Salaire annuel moyen,I,EST,Estonie,WG,Wages,EUR,Euro,A,Annuelle,V,Prix courants,MEAN,Moyenne,_Z,Non applicable,2014,,13026.737,,,,A,Normal value,0,Units,0,Zero
DATAFLOW,OECD.ELS.SAE:DSD_EARNINGS@AV_AN_WAGE(1.0),Salaire annuel moyen,I,EST,Estonie,WG,Wages,EUR,Euro,A,Annuelle,V,Prix courants,MEAN,Moyenne,_Z,Non applicable,2013,,12267.798,,,,A,Normal value,0,Units,0,Zero
DATAFLOW,OECD.ELS.SAE:DSD_EARNINGS@AV_AN_WAGE(1.0),Salaire annuel moyen,I,EST,Estonie,WG,Wages,EUR,Euro,A,Annuelle,V,Prix courants,MEAN,Moyenne,_Z,Non applicable,2015,,13582.043,,,,A,Normal value,0,Units,0,Zero
DATAFLOW,OECD.ELS.SAE:DSD_EARNINGS@AV_AN_WAGE(1.0),Salaire annuel moyen,I,EST,Estonie,WG,Wages,EUR,Euro,A,Annuelle,V,Prix courants,MEAN,Moyenne,_Z,Non applicable,2023,,24554.388,,,,A,Normal value,0,Units,0,Zero
DATAFLOW,OECD.ELS.SAE:DSD_EARNINGS@AV_AN_WAGE(1.0),Salaire annuel moyen,I,FIN,Finlande,WG,Wages,EUR,Euro,A,Annuelle,V,Prix courants,MEAN,Moyenne,_Z,Non applicable,2023,,48273.394,,,,A,Normal value,0,Units,0,Zero
DATAFLOW,OECD.ELS.SAE:DSD_EARNINGS@AV_AN_WAGE(1.0),Salaire annuel moyen,I,FIN,Finlande,WG,Wages,EUR,Euro,A,Annuelle,V,Prix courants,MEAN,Moyenne,_Z,Non applicable,2022,,46776.804,,,,A,Normal value,0,Units,0,Zero
DATAFLOW,OECD.ELS.SAE:DSD_EARNINGS@AV_AN_WAGE(1.0),Salaire annuel moyen,I,FIN,Finlande,WG,Wages,EUR,Euro,A,Annuelle,V,Prix courants,MEAN,Moyenne,_Z,Non applicable,2021,,45540.806,,,,A,Normal value,0,Units,0,Zero
DATAFLOW,OECD.ELS.SAE:DSD_EARNINGS@AV_AN_WAGE(1.0),Salaire annuel moyen,I,FIN,Finlande,WG,Wages,EUR,Euro,A,Annuelle,V,Prix courants,MEAN,Moyenne,_Z,Non applicable,2020,,43049.896,,,,A,Normal value,0,Units,0,Zero
DATAFLOW,OECD.ELS.SAE:DSD_EARNINGS@AV_AN_WAGE(1.0),Salaire annuel moyen,I,FIN,Finlande,WG,Wages,EUR,Euro,A,Annuelle,V,Prix courants,MEAN,Moyenne,_Z,Non applicable,2019,,42671.818,,,,A,Normal value,0,Units,0,Zero
DATAFLOW,OECD.ELS.SAE:DSD_EARNINGS@AV_AN_WAGE(1.0),Salaire annuel moyen,I,FIN,Finlande,WG,Wages,EUR,Euro,A,Annuelle,V,Prix courants,MEAN,Moyenne,_Z,Non applicable,2018,,41651.062,,,,A,Normal value,0,Units,0,Zero
DATAFLOW,OECD.ELS.SAE:DSD_EARNINGS@AV_AN_WAGE(1.0),Salaire annuel moyen,I,FIN,Finlande,WG,Wages,EUR,Euro,A,Annuelle,V,Prix courants,MEAN,Moyenne,_Z,Non applicable,2017,,40820.004,,,,A,Normal value,0,Units,0,Zero
DATAFLOW,OECD.ELS.SAE:DSD_EARNINGS@AV_AN_WAGE(1.0),Salaire annuel moyen,I,FIN,Finlande,WG,Wages,EUR,Euro,A,Annuelle,V,Prix courants,MEAN,Moyenne,_Z,Non applicable,2016,,40637.923,,,,A,Normal value,0,Units,0,Zero
DATAFLOW,OECD.ELS.SAE:DSD_EARNINGS@AV_AN_WAGE(1.0),Salaire annuel moyen,I,FIN,Finlande,WG,Wages,EUR,Euro,A,Annuelle,V,Prix courants,MEAN,Moyenne,_Z,Non applicable,2015,,40202.329,,,,A,Normal value,0,Units,0,Zero
DATAFLOW,OECD.ELS.SAE:DSD_EARNINGS@AV_AN_WAGE(1.0),Salaire annuel moyen,I,FIN,Finlande,WG,Wages,EUR,Euro,A,Annuelle,V,Prix courants,MEAN,Moyenne,_Z,Non applicable,2014,,39706.857,,,,A,Normal value,0,Units,0,Zero
DATAFLOW,OECD.ELS.SAE:DSD_EARNINGS@AV_AN_WAGE(1.0),Salaire annuel moyen,I,SVK,République slovaque,WG,Wages,EUR,Euro,A,Annuelle,V,Prix courants,MEAN,Moyenne,_Z,Non applicable,2021,,16189.849,,,,A,Normal value,0,Units,0,Zero
DATAFLOW,OECD.ELS.SAE:DSD_EARNINGS@AV_AN_WAGE(1.0),Salaire annuel moyen,I,SVK,République slovaque,WG,Wages,EUR,Euro,A,Annuelle,V,Prix courants,MEAN,Moyenne,_Z,Non applicable,2020,,15341.623,,,,A,Normal value,0,Units,0,Zero
DATAFLOW,OECD.ELS.SAE:DSD_EARNINGS@AV_AN_WAGE(1.0),Salaire annuel moyen,I,SVK,République slovaque,WG,Wages,EUR,Euro,A,Annuelle,V,Prix courants,MEAN,Moyenne,_Z,Non applicable,2019,,14814,,,,A,Normal value,0,Units,0,Zero
DATAFLOW,OECD.ELS.SAE:DSD_EARNINGS@AV_AN_WAGE(1.0),Salaire annuel moyen,I,LUX,Luxembourg,WG,Wages,EUR,Euro,A,Annuelle,V,Prix courants,MEAN,Moyenne,_Z,Non applicable,2021,,71755.395,,,,A,Normal value,0,Units,0,Zero
DATAFLOW,OECD.ELS.SAE:DSD_EARNINGS@AV_AN_WAGE(1.0),Salaire annuel moyen,I,LUX,Luxembourg,WG,Wages,EUR,Euro,A,Annuelle,V,Prix courants,MEAN,Moyenne,_Z,Non applicable,2020,,67550.159,,,,A,Normal value,0,Units,0,Zero
DATAFLOW,OECD.ELS.SAE:DSD_EARNINGS@AV_AN_WAGE(1.0),Salaire annuel moyen,I,LUX,Luxembourg,WG,Wages,EUR,Euro,A,Annuelle,V,Prix courants,MEAN,Moyenne,_Z,Non applicable,2019,,66276.99,,,,A,Normal value,0,Units,0,Zero
DATAFLOW,OECD.ELS.SAE:DSD_EARNINGS@AV_AN_WAGE(1.0),Salaire annuel moyen,I,LUX,Luxembourg,WG,Wages,EUR,Euro,A,Annuelle,V,Prix courants,MEAN,Moyenne,_Z,Non applicable,2018,,65282.638,,,,A,Normal value,0,Units,0,Zero
DATAFLOW,OECD.ELS.SAE:DSD_EARNINGS@AV_AN_WAGE(1.0),Salaire annuel moyen,I,LUX,Luxembourg,WG,Wages,EUR,Euro,A,Annuelle,V,Prix courants,MEAN,Moyenne,_Z,Non applicable,2017,,63735.089,,,,A,Normal value,0,Units,0,Zero
DATAFLOW,OECD.ELS.SAE:DSD_EARNINGS@AV_AN_WAGE(1.0),Salaire annuel moyen,I,LUX,Luxembourg,WG,Wages,EUR,Euro,A,Annuelle,V,Prix courants,MEAN,Moyenne,_Z,Non applicable,2016,,61585.074,,,,A,Normal value,0,Units,0,Zero
DATAFLOW,OECD.ELS.SAE:DSD_EARNINGS@AV_AN_WAGE(1.0),Salaire annuel moyen,I,LUX,Luxembourg,WG,Wages,EUR,Euro,A,Annuelle,V,Prix courants,MEAN,Moyenne,_Z,Non applicable,2015,,61292.627,,,,A,Normal value,0,Units,0,Zero
DATAFLOW,OECD.ELS.SAE:DSD_EARNINGS@AV_AN_WAGE(1.0),Salaire annuel moyen,I,LUX,Luxembourg,WG,Wages,EUR,Euro,A,Annuelle,V,Prix courants,MEAN,Moyenne,_Z,Non applicable,2014,,60427.305,,,,A,Normal value,0,Units,0,Zero
DATAFLOW,OECD.ELS.SAE:DSD_EARNINGS@AV_AN_WAGE(1.0),Salaire annuel moyen,I,LUX,Luxembourg,WG,Wages,EUR,Euro,A,Annuelle,V,Prix courants,MEAN,Moyenne,_Z,Non applicable,2013,,59043.971,,,,A,Normal value,0,Units,0,Zero
DATAFLOW,OECD.ELS.SAE:DSD_EARNINGS@AV_AN_WAGE(1.0),Salaire annuel moyen,I,LUX,Luxembourg,WG,Wages,EUR,Euro,A,Annuelle,V,Prix courants,MEAN,Moyenne,_Z,Non applicable,2023,,80912.566,,,,A,Normal value,0,Units,0,Zero
DATAFLOW,OECD.ELS.SAE:DSD_EARNINGS@AV_AN_WAGE(1.0),Salaire annuel moyen,I,LTU,Lituanie,WG,Wages,EUR,Euro,A,Annuelle,V,Prix courants,MEAN,Moyenne,_Z,Non applicable,2023,,26719.293,,,,A,Normal value,0,Units,0,Zero
DATAFLOW,OECD.ELS.SAE:DSD_EARNINGS@AV_AN_WAGE(1.0),Salaire annuel moyen,I,LTU,Lituanie,WG,Wages,EUR,Euro,A,Annuelle,V,Prix courants,MEAN,Moyenne,_Z,Non applicable,2022,,24255.271,,,,A,Normal value,0,Units,0,Zero
DATAFLOW,OECD.ELS.SAE:DSD_EARNINGS@AV_AN_WAGE(1.0),Salaire annuel moyen,I,LTU,Lituanie,WG,Wages,EUR,Euro,A,Annuelle,V,Prix courants,MEAN,Moyenne,_Z,Non applicable,2021,,21771.404,,,,A,Normal value,0,Units,0,Zero
DATAFLOW,OECD.ELS.SAE:DSD_EARNINGS@AV_AN_WAGE(1.0),Salaire annuel moyen,I,LTU,Lituanie,WG,Wages,EUR,Euro,A,Annuelle,V,Prix courants,MEAN,Moyenne,_Z,Non applicable,2020,,19541.139,,,,A,Normal value,0,Units,0,Zero
DATAFLOW,OECD.ELS.SAE:DSD_EARNINGS@AV_AN_WAGE(1.0),Salaire annuel moyen,I,SVK,République slovaque,WG,Wages,EUR,Euro,A,Annuelle,V,Prix courants,MEAN,Moyenne,_Z,Non applicable,2017,,13267.559,,,,A,Normal value,0,Units,0,Zero
DATAFLOW,OECD.ELS.SAE:DSD_EARNINGS@AV_AN_WAGE(1.0),Salaire annuel moyen,I,SVK,République slovaque,WG,Wages,EUR,Euro,A,Annuelle,V,Prix courants,MEAN,Moyenne,_Z,Non applicable,2016,,12719.408,,,,A,Normal value,0,Units,0,Zero
DATAFLOW,OECD.ELS.SAE:DSD_EARNINGS@AV_AN_WAGE(1.0),Salaire annuel moyen,I,SVK,République slovaque,WG,Wages,EUR,Euro,A,Annuelle,V,Prix courants,MEAN,Moyenne,_Z,Non applicable,2014,,11904.016,,,,A,Normal value,0,Units,0,Zero
DATAFLOW,OECD.ELS.SAE:DSD_EARNINGS@AV_AN_WAGE(1.0),Salaire annuel moyen,I,SVK,République slovaque,WG,Wages,EUR,Euro,A,Annuelle,V,Prix courants,MEAN,Moyenne,_Z,Non applicable,2013,,11684.345,,,,A,Normal value,0,Units,0,Zero
DATAFLOW,OECD.ELS.SAE:DSD_EARNINGS@AV_AN_WAGE(1.0),Salaire annuel moyen,I,SVK,République slovaque,WG,Wages,EUR,Euro,A,Annuelle,V,Prix courants,MEAN,Moyenne,_Z,Non applicable,2023,,18924.691,,,,A,Normal value,0,Units,0,Zero
DATAFLOW,OECD.ELS.SAE:DSD_EARNINGS@AV_AN_WAGE(1.0),Salaire annuel moyen,I,SVK,République slovaque,WG,Wages,EUR,Euro,A,Annuelle,V,Prix courants,MEAN,Moyenne,_Z,Non applicable,2022,,17211.172,,,,A,Normal value,0,Units,0,Zero
DATAFLOW,OECD.ELS.SAE:DSD_EARNINGS@AV_AN_WAGE(1.0),Salaire annuel moyen,I,SVK,République slovaque,WG,Wages,EUR,Euro,A,Annuelle,V,Prix courants,MEAN,Moyenne,_Z,Non applicable,2015,,12361.532,,,,A,Normal value,0,Units,0,Zero
DATAFLOW,OECD.ELS.SAE:DSD_EARNINGS@AV_AN_WAGE(1.0),Salaire annuel moyen,I,BEL,Belgique,WG,Wages,EUR,Euro,A,Annuelle,V,Prix courants,MEAN,Moyenne,_Z,Non applicable,2017,,44683.769,,,,A,Normal value,0,Units,0,Zero
DATAFLOW,OECD.ELS.SAE:DSD_EARNINGS@AV_AN_WAGE(1.0),Salaire annuel moyen,I,BEL,Belgique,WG,Wages,EUR,Euro,A,Annuelle,V,Prix courants,MEAN,Moyenne,_Z,Non applicable,2016,,44153.25,,,,A,Normal value,0,Units,0,Zero
DATAFLOW,OECD.ELS.SAE:DSD_EARNINGS@AV_AN_WAGE(1.0),Salaire annuel moyen,I,BEL,Belgique,WG,Wages,EUR,Euro,A,Annuelle,V,Prix courants,MEAN,Moyenne,_Z,Non applicable,2015,,43397.959,,,,A,Normal value,0,Units,0,Zero
DATAFLOW,OECD.ELS.SAE:DSD_EARNINGS@AV_AN_WAGE(1.0),Salaire annuel moyen,I,EST,Estonie,WG,Wages,EUR,Euro,A,Annuelle,Q,Prix constants,MEAN,Moyenne,_Z,Non applicable,2013,,18196.271,,2023,,A,Normal value,0,Units,0,Zero
DATAFLOW,OECD.ELS.SAE:DSD_EARNINGS@AV_AN_WAGE(1.0),Salaire annuel moyen,I,EST,Estonie,WG,Wages,EUR,Euro,A,Annuelle,Q,Prix constants,MEAN,Moyenne,_Z,Non applicable,2023,,24554.388,,2023,,A,Normal value,0,Units,0,Zero
DATAFLOW,OECD.ELS.SAE:DSD_EARNINGS@AV_AN_WAGE(1.0),Salaire annuel moyen,I,EST,Estonie,WG,Wages,EUR,Euro,A,Annuelle,Q,Prix constants,MEAN,Moyenne,_Z,Non applicable,2022,,24845.884,,2023,,A,Normal value,0,Units,0,Zero
DATAFLOW,OECD.ELS.SAE:DSD_EARNINGS@AV_AN_WAGE(1.0),Salaire annuel moyen,I,EST,Estonie,WG,Wages,EUR,Euro,A,Annuelle,Q,Prix constants,MEAN,Moyenne,_Z,Non applicable,2021,,26826.564,,2023,,A,Normal value,0,Units,0,Zero
DATAFLOW,OECD.ELS.SAE:DSD_EARNINGS@AV_AN_WAGE(1.0),Salaire annuel moyen,I,EST,Estonie,WG,Wages,EUR,Euro,A,Annuelle,Q,Prix constants,MEAN,Moyenne,_Z,Non applicable,2020,,25402.627,,2023,,A,Normal value,0,Units,0,Zero
DATAFLOW,OECD.ELS.SAE:DSD_EARNINGS@AV_AN_WAGE(1.0),Salaire annuel moyen,I,EST,Estonie,WG,Wages,EUR,Euro,A,Annuelle,Q,Prix constants,MEAN,Moyenne,_Z,Non applicable,2019,,24139.947,,2023,,A,Normal value,0,Units,0,Zero
DATAFLOW,OECD.ELS.SAE:DSD_EARNINGS@AV_AN_WAGE(1.0),Salaire annuel moyen,I,EST,Estonie,WG,Wages,EUR,Euro,A,Annuelle,Q,Prix constants,MEAN,Moyenne,_Z,Non applicable,2018,,22996.801,,2023,,A,Normal value,0,Units,0,Zero
DATAFLOW,OECD.ELS.SAE:DSD_EARNINGS@AV_AN_WAGE(1.0),Salaire annuel moyen,I,EST,Estonie,WG,Wages,EUR,Euro,A,Annuelle,Q,Prix constants,MEAN,Moyenne,_Z,Non applicable,2017,,21591.1,,2023,,A,Normal value,0,Units,0,Zero
DATAFLOW,OECD.ELS.SAE:DSD_EARNINGS@AV_AN_WAGE(1.0),Salaire annuel moyen,I,EST,Estonie,WG,Wages,EUR,Euro,A,Annuelle,Q,Prix constants,MEAN,Moyenne,_Z,Non applicable,2016,,21123.574,,2023,,A,Normal value,0,Units,0,Zero
DATAFLOW,OECD.ELS.SAE:DSD_EARNINGS@AV_AN_WAGE(1.0),Salaire annuel moyen,I,DEU,Allemagne,WG,Wages,EUR,Euro,A,Annuelle,Q,Prix constants,MEAN,Moyenne,_Z,Non applicable,2021,,49513.061,,2023,,A,Normal value,0,Units,0,Zero
DATAFLOW,OECD.ELS.SAE:DSD_EARNINGS@AV_AN_WAGE(1.0),Salaire annuel moyen,I,DEU,Allemagne,WG,Wages,EUR,Euro,A,Annuelle,Q,Prix constants,MEAN,Moyenne,_Z,Non applicable,2020,,49393.583,,2023,,A,Normal value,0,Units,0,Zero
DATAFLOW,OECD.ELS.SAE:DSD_EARNINGS@AV_AN_WAGE(1.0),Salaire annuel moyen,I,DEU,Allemagne,WG,Wages,EUR,Euro,A,Annuelle,Q,Prix constants,MEAN,Moyenne,_Z,Non applicable,2019,,49794.097,,2023,,A,Normal value,0,Units,0,Zero
DATAFLOW,OECD.ELS.SAE:DSD_EARNINGS@AV_AN_WAGE(1.0),Salaire annuel moyen,I,DEU,Allemagne,WG,Wages,EUR,Euro,A,Annuelle,Q,Prix constants,MEAN,Moyenne,_Z,Non applicable,2018,,48975.58,,2023,,A,Normal value,0,Units,0,Zero
DATAFLOW,OECD.ELS.SAE:DSD_EARNINGS@AV_AN_WAGE(1.0),Salaire annuel moyen,I,DEU,Allemagne,WG,Wages,EUR,Euro,A,Annuelle,Q,Prix constants,MEAN,Moyenne,_Z,Non applicable,2017,,48299.287,,2023,,A,Normal value,0,Units,0,Zero
DATAFLOW,OECD.ELS.SAE:DSD_EARNINGS@AV_AN_WAGE(1.0),Salaire annuel moyen,I,DEU,Allemagne,WG,Wages,EUR,Euro,A,Annuelle,Q,Prix constants,MEAN,Moyenne,_Z,Non applicable,2016,,47796.698,,2023,,A,Normal value,0,Units,0,Zero
DATAFLOW,OECD.ELS.SAE:DSD_EARNINGS@AV_AN_WAGE(1.0),Salaire annuel moyen,I,DEU,Allemagne,WG,Wages,EUR,Euro,A,Annuelle,Q,Prix constants,MEAN,Moyenne,_Z,Non applicable,2015,,47075.194,,2023,,A,Normal value,0,Units,0,Zero
DATAFLOW,OECD.ELS.SAE:DSD_EARNINGS@AV_AN_WAGE(1.0),Salaire annuel moyen,I,DEU,Allemagne,WG,Wages,EUR,Euro,A,Annuelle,Q,Prix constants,MEAN,Moyenne,_Z,Non applicable,2014,,46017.083,,2023,,A,Normal value,0,Units,0,Zero
DATAFLOW,OECD.ELS.SAE:DSD_EARNINGS@AV_AN_WAGE(1.0),Salaire annuel moyen,I,DEU,Allemagne,WG,Wages,EUR,Euro,A,Annuelle,Q,Prix constants,MEAN,Moyenne,_Z,Non applicable,2013,,45258.172,,2023,,A,Normal value,0,Units,0,Zero
DATAFLOW,OECD.ELS.SAE:DSD_EARNINGS@AV_AN_WAGE(1.0),Salaire annuel moyen,I,DEU,Allemagne,WG,Wages,EUR,Euro,A,Annuelle,Q,Prix constants,MEAN,Moyenne,_Z,Non applicable,2023,,48300.897,,2023,,A,Normal value,0,Units,0,Zero
DATAFLOW,OECD.ELS.SAE:DSD_EARNINGS@AV_AN_WAGE(1.0),Salaire annuel moyen,I,IRL,Irlande,WG,Wages,EUR,Euro,A,Annuelle,Q,Prix constants,MEAN,Moyenne,_Z,Non applicable,2023,,53986.623,,2023,,A,Normal value,0,Units,0,Zero
DATAFLOW,OECD.ELS.SAE:DSD_EARNINGS@AV_AN_WAGE(1.0),Salaire annuel moyen,I,IRL,Irlande,WG,Wages,EUR,Euro,A,Annuelle,Q,Prix constants,MEAN,Moyenne,_Z,Non applicable,2022,,55532.525,,2023,,A,Normal value,0,Units,0,Zero
DATAFLOW,OECD.ELS.SAE:DSD_EARNINGS@AV_AN_WAGE(1.0),Salaire annuel moyen,I,IRL,Irlande,WG,Wages,EUR,Euro,A,Annuelle,Q,Prix constants,MEAN,Moyenne,_Z,Non applicable,2021,,57633.048,,2023,,A,Normal value,0,Units,0,Zero
DATAFLOW,OECD.ELS.SAE:DSD_EARNINGS@AV_AN_WAGE(1.0),Salaire annuel moyen,I,IRL,Irlande,WG,Wages,EUR,Euro,A,Annuelle,Q,Prix constants,MEAN,Moyenne,_Z,Non applicable,2020,,58161.424,,2023,,A,Normal value,0,Units,0,Zero
DATAFLOW,OECD.ELS.SAE:DSD_EARNINGS@AV_AN_WAGE(1.0),Salaire annuel moyen,I,IRL,Irlande,WG,Wages,EUR,Euro,A,Annuelle,Q,Prix constants,MEAN,Moyenne,_Z,Non applicable,2019,,57280.136,,2023,,A,Normal value,0,Units,0,Zero
DATAFLOW,OECD.ELS.SAE:DSD_EARNINGS@AV_AN_WAGE(1.0),Salaire annuel moyen,I,IRL,Irlande,WG,Wages,EUR,Euro,A,Annuelle,Q,Prix constants,MEAN,Moyenne,_Z,Non applicable,2018,,56393.549,,2023,,A,Normal value,0,Units,0,Zero
DATAFLOW,OECD.ELS.SAE:DSD_EARNINGS@AV_AN_WAGE(1.0),Salaire annuel moyen,I,IRL,Irlande,WG,Wages,EUR,Euro,A,Annuelle,Q,Prix constants,MEAN,Moyenne,_Z,Non applicable,2017,,55620.856,,2023,,A,Normal value,0,Units,0,Zero
DATAFLOW,OECD.ELS.SAE:DSD_EARNINGS@AV_AN_WAGE(1.0),Salaire annuel moyen,I,IRL,Irlande,WG,Wages,EUR,Euro,A,Annuelle,Q,Prix constants,MEAN,Moyenne,_Z,Non applicable,2016,,54953.85,,2023,,A,Normal value,0,Units,0,Zero
DATAFLOW,OECD.ELS.SAE:DSD_EARNINGS@AV_AN_WAGE(1.0),Salaire annuel moyen,I,IRL,Irlande,WG,Wages,EUR,Euro,A,Annuelle,Q,Prix constants,MEAN,Moyenne,_Z,Non applicable,2015,,54347.391,,2023,,A,Normal value,0,Units,0,Zero
DATAFLOW,OECD.ELS.SAE:DSD_EARNINGS@AV_AN_WAGE(1.0),Salaire annuel moyen,I,IRL,Irlande,WG,Wages,EUR,Euro,A,Annuelle,Q,Prix constants,MEAN,Moyenne,_Z,Non applicable,2014,,54284.086,,2023,,A,Normal value,0,Units,0,Zero
DATAFLOW,OECD.ELS.SAE:DSD_EARNINGS@AV_AN_WAGE(1.0),Salaire annuel moyen,I,ITA,Italie,WG,Wages,EUR,Euro,A,Annuelle,Q,Prix constants,MEAN,Moyenne,_Z,Non applicable,2021,,34250.342,,2023,,A,Normal value,0,Units,0,Zero
DATAFLOW,OECD.ELS.SAE:DSD_EARNINGS@AV_AN_WAGE(1.0),Salaire annuel moyen,I,ITA,Italie,WG,Wages,EUR,Euro,A,Annuelle,Q,Prix constants,MEAN,Moyenne,_Z,Non applicable,2020,,32772.233,,2023,,A,Normal value,0,Units,0,Zero
DATAFLOW,OECD.ELS.SAE:DSD_EARNINGS@AV_AN_WAGE(1.0),Salaire annuel moyen,I,ITA,Italie,WG,Wages,EUR,Euro,A,Annuelle,Q,Prix constants,MEAN,Moyenne,_Z,Non applicable,2019,,34414.21,,2023,,A,Normal value,0,Units,0,Zero
DATAFLOW,OECD.ELS.SAE:DSD_EARNINGS@AV_AN_WAGE(1.0),Salaire annuel moyen,I,ITA,Italie,WG,Wages,EUR,Euro,A,Annuelle,Q,Prix constants,MEAN,Moyenne,_Z,Non applicable,2018,,34243.804,,2023,,A,Normal value,0,Units,0,Zero
DATAFLOW,OECD.ELS.SAE:DSD_EARNINGS@AV_AN_WAGE(1.0),Salaire annuel moyen,I,ITA,Italie,WG,Wages,EUR,Euro,A,Annuelle,Q,Prix constants,MEAN,Moyenne,_Z,Non applicable,2017,,34205.036,,2023,,A,Normal value,0,Units,0,Zero
DATAFLOW,OECD.ELS.SAE:DSD_EARNINGS@AV_AN_WAGE(1.0),Salaire annuel moyen,I,ITA,Italie,WG,Wages,EUR,Euro,A,Annuelle,Q,Prix constants,MEAN,Moyenne,_Z,Non applicable,2016,,34426.146,,2023,,A,Normal value,0,Units,0,Zero
DATAFLOW,OECD.ELS.SAE:DSD_EARNINGS@AV_AN_WAGE(1.0),Salaire annuel moyen,I,ITA,Italie,WG,Wages,EUR,Euro,A,Annuelle,Q,Prix constants,MEAN,Moyenne,_Z,Non applicable,2015,,34152.865,,2023,,A,Normal value,0,Units,0,Zero
DATAFLOW,OECD.ELS.SAE:DSD_EARNINGS@AV_AN_WAGE(1.0),Salaire annuel moyen,I,ITA,Italie,WG,Wages,EUR,Euro,A,Annuelle,Q,Prix constants,MEAN,Moyenne,_Z,Non applicable,2014,,33859.706,,2023,,A,Normal value,0,Units,0,Zero
DATAFLOW,OECD.ELS.SAE:DSD_EARNINGS@AV_AN_WAGE(1.0),Salaire annuel moyen,I,ITA,Italie,WG,Wages,EUR,Euro,A,Annuelle,Q,Prix constants,MEAN,Moyenne,_Z,Non applicable,2013,,33727.542,,2023,,A,Normal value,0,Units,0,Zero
DATAFLOW,OECD.ELS.SAE:DSD_EARNINGS@AV_AN_WAGE(1.0),Salaire annuel moyen,I,ITA,Italie,WG,Wages,EUR,Euro,A,Annuelle,Q,Prix constants,MEAN,Moyenne,_Z,Non applicable,2023,,32450.354,,2023,,A,Normal value,0,Units,0,Zero
DATAFLOW,OECD.ELS.SAE:DSD_EARNINGS@AV_AN_WAGE(1.0),Salaire annuel moyen,I,LVA,Lettonie,WG,Wages,EUR,Euro,A,Annuelle,Q,Prix constants,MEAN,Moyenne,_Z,Non applicable,2022,,21547.698,,2023,,A,Normal value,0,Units,0,Zero
DATAFLOW,OECD.ELS.SAE:DSD_EARNINGS@AV_AN_WAGE(1.0),Salaire annuel moyen,I,GRC,Grèce,WG,Wages,EUR,Euro,A,Annuelle,Q,Prix constants,MEAN,Moyenne,_Z,Non applicable,2022,,17605.498,,2023,,A,Normal value,0,Units,0,Zero
DATAFLOW,OECD.ELS.SAE:DSD_EARNINGS@AV_AN_WAGE(1.0),Salaire annuel moyen,I,LUX,Luxembourg,WG,Wages,EUR,Euro,A,Annuelle,Q,Prix constants,MEAN,Moyenne,_Z,Non applicable,2013,,71596.725,,2023,,A,Normal value,0,Units,0,Zero
DATAFLOW,OECD.ELS.SAE:DSD_EARNINGS@AV_AN_WAGE(1.0),Salaire annuel moyen,I,LTU,Lituanie,WG,Wages,EUR,Euro,A,Annuelle,Q,Prix constants,MEAN,Moyenne,_Z,Non applicable,2022,,26347.474,,2023,,A,Normal value,0,Units,0,Zero
DATAFLOW,OECD.ELS.SAE:DSD_EARNINGS@AV_AN_WAGE(1.0),Salaire annuel moyen,I,SVN,Slovénie,WG,Wages,EUR,Euro,A,Annuelle,Q,Prix constants,MEAN,Moyenne,_Z,Non applicable,2022,,32428.174,,2023,,A,Normal value,0,Units,0,Zero
DATAFLOW,OECD.ELS.SAE:DSD_EARNINGS@AV_AN_WAGE(1.0),Salaire annuel moyen,I,SVK,République slovaque,WG,Wages,EUR,Euro,A,Annuelle,Q,Prix constants,MEAN,Moyenne,_Z,Non applicable,2022,,18969.326,,2023,,A,Normal value,0,Units,0,Zero
DATAFLOW,OECD.ELS.SAE:DSD_EARNINGS@AV_AN_WAGE(1.0),Salaire annuel moyen,I,PRT,Portugal,WG,Wages,EUR,Euro,A,Annuelle,Q,Prix constants,MEAN,Moyenne,_Z,Non applicable,2013,,20439.549,,2023,,A,Normal value,0,Units,0,Zero
DATAFLOW,OECD.ELS.SAE:DSD_EARNINGS@AV_AN_WAGE(1.0),Salaire annuel moyen,I,FIN,Finlande,WG,Wages,EUR,Euro,A,Annuelle,Q,Prix constants,MEAN,Moyenne,_Z,Non applicable,2022,,48827.703,,2023,,A,Normal value,0,Units,0,Zero
DATAFLOW,OECD.ELS.SAE:DSD_EARNINGS@AV_AN_WAGE(1.0),Salaire annuel moyen,I,NLD,Pays-Bas,WG,Wages,EUR,Euro,A,Annuelle,Q,Prix constants,MEAN,Moyenne,_Z,Non applicable,2022,,56801.263,,2023,,A,Normal value,0,Units,0,Zero
DATAFLOW,OECD.ELS.SAE:DSD_EARNINGS@AV_AN_WAGE(1.0),Salaire annuel moyen,I,BEL,Belgique,WG,Wages,EUR,Euro,A,Annuelle,Q,Prix constants,MEAN,Moyenne,_Z,Non applicable,2013,,55704.479,,2023,,A,Normal value,0,Units,0,Zero
DATAFLOW,OECD.ELS.SAE:DSD_EARNINGS@AV_AN_WAGE(1.0),Salaire annuel moyen,I,AUT,Autriche,WG,Wages,EUR,Euro,A,Annuelle,Q,Prix constants,MEAN,Moyenne,_Z,Non applicable,2014,,52121.584,,2023,,A,Normal value,0,Units,0,Zero
DATAFLOW,OECD.ELS.SAE:DSD_EARNINGS@AV_AN_WAGE(1.0),Salaire annuel moyen,I,SVK,République slovaque,WG,Wages,EUR,Euro,A,Annuelle,Q,Prix constants,MEAN,Moyenne,_Z,Non applicable,2015,,17130.997,,2023,,A,Normal value,0,Units,0,Zero
DATAFLOW,OECD.ELS.SAE:DSD_EARNINGS@AV_AN_WAGE(1.0),Salaire annuel moyen,I,LVA,Lettonie,WG,Wages,EUR,Euro,A,Annuelle,Q,Prix constants,MEAN,Moyenne,_Z,Non applicable,2014,,15483.028,,2023,,A,Normal value,0,Units,0,Zero
DATAFLOW,OECD.ELS.SAE:DSD_EARNINGS@AV_AN_WAGE(1.0),Salaire annuel moyen,I,LVA,Lettonie,WG,Wages,EUR,Euro,A,Annuelle,Q,Prix constants,MEAN,Moyenne,_Z,Non applicable,2013,,14509.957,,2023,,A,Normal value,0,Units,0,Zero
DATAFLOW,OECD.ELS.SAE:DSD_EARNINGS@AV_AN_WAGE(1.0),Salaire annuel moyen,I,LVA,Lettonie,WG,Wages,EUR,Euro,A,Annuelle,Q,Prix constants,MEAN,Moyenne,_Z,Non applicable,2023,,22618.348,,2023,,A,Normal value,0,Units,0,Zero
DATAFLOW,OECD.ELS.SAE:DSD_EARNINGS@AV_AN_WAGE(1.0),Salaire annuel moyen,I,GRC,Grèce,WG,Wages,EUR,Euro,A,Annuelle,Q,Prix constants,MEAN,Moyenne,_Z,Non applicable,2021,,18071.793,,2023,,A,Normal value,0,Units,0,Zero
DATAFLOW,OECD.ELS.SAE:DSD_EARNINGS@AV_AN_WAGE(1.0),Salaire annuel moyen,I,GRC,Grèce,WG,Wages,EUR,Euro,A,Annuelle,Q,Prix constants,MEAN,Moyenne,_Z,Non applicable,2020,,17896.139,,2023,,A,Normal value,0,Units,0,Zero
DATAFLOW,OECD.ELS.SAE:DSD_EARNINGS@AV_AN_WAGE(1.0),Salaire annuel moyen,I,PRT,Portugal,WG,Wages,EUR,Euro,A,Annuelle,Q,Prix constants,MEAN,Moyenne,_Z,Non applicable,2015,,20026.667,,2023,,A,Normal value,0,Units,0,Zero
DATAFLOW,OECD.ELS.SAE:DSD_EARNINGS@AV_AN_WAGE(1.0),Salaire annuel moyen,I,PRT,Portugal,WG,Wages,EUR,Euro,A,Annuelle,Q,Prix constants,MEAN,Moyenne,_Z,Non applicable,2014,,20087.373,,2023,,A,Normal value,0,Units,0,Zero
DATAFLOW,OECD.ELS.SAE:DSD_EARNINGS@AV_AN_WAGE(1.0),Salaire annuel moyen,I,SVK,République slovaque,WG,Wages,EUR,Euro,A,Annuelle,Q,Prix constants,MEAN,Moyenne,_Z,Non applicable,2023,,18924.691,,2023,,A,Normal value,0,Units,0,Zero
DATAFLOW,OECD.ELS.SAE:DSD_EARNINGS@AV_AN_WAGE(1.0),Salaire annuel moyen,I,PRT,Portugal,WG,Wages,EUR,Euro,A,Annuelle,Q,Prix constants,MEAN,Moyenne,_Z,Non applicable,2023,,22006.18,,2023,,A,Normal value,0,Units,0,Zero
DATAFLOW,OECD.ELS.SAE:DSD_EARNINGS@AV_AN_WAGE(1.0),Salaire annuel moyen,I,PRT,Portugal,WG,Wages,EUR,Euro,A,Annuelle,Q,Prix constants,MEAN,Moyenne,_Z,Non applicable,2022,,21454.519,,2023,,A,Normal value,0,Units,0,Zero
DATAFLOW,OECD.ELS.SAE:DSD_EARNINGS@AV_AN_WAGE(1.0),Salaire annuel moyen,I,PRT,Portugal,WG,Wages,EUR,Euro,A,Annuelle,Q,Prix constants,MEAN,Moyenne,_Z,Non applicable,2021,,21716.854,,2023,,A,Normal value,0,Units,0,Zero
DATAFLOW,OECD.ELS.SAE:DSD_EARNINGS@AV_AN_WAGE(1.0),Salaire annuel moyen,I,PRT,Portugal,WG,Wages,EUR,Euro,A,Annuelle,Q,Prix constants,MEAN,Moyenne,_Z,Non applicable,2020,,21291.239,,2023,,A,Normal value,0,Units,0,Zero
DATAFLOW,OECD.ELS.SAE:DSD_EARNINGS@AV_AN_WAGE(1.0),Salaire annuel moyen,I,PRT,Portugal,WG,Wages,EUR,Euro,A,Annuelle,Q,Prix constants,MEAN,Moyenne,_Z,Non applicable,2019,,21137.124,,2023,,A,Normal value,0,Units,0,Zero
DATAFLOW,OECD.ELS.SAE:DSD_EARNINGS@AV_AN_WAGE(1.0),Salaire annuel moyen,I,PRT,Portugal,WG,Wages,EUR,Euro,A,Annuelle,Q,Prix constants,MEAN,Moyenne,_Z,Non applicable,2018,,20346.875,,2023,,A,Normal value,0,Units,0,Zero
DATAFLOW,OECD.ELS.SAE:DSD_EARNINGS@AV_AN_WAGE(1.0),Salaire annuel moyen,I,PRT,Portugal,WG,Wages,EUR,Euro,A,Annuelle,Q,Prix constants,MEAN,Moyenne,_Z,Non applicable,2017,,20016.349,,2023,,A,Normal value,0,Units,0,Zero
DATAFLOW,OECD.ELS.SAE:DSD_EARNINGS@AV_AN_WAGE(1.0),Salaire annuel moyen,I,PRT,Portugal,WG,Wages,EUR,Euro,A,Annuelle,Q,Prix constants,MEAN,Moyenne,_Z,Non applicable,2016,,19939.182,,2023,,A,Normal value,0,Units,0,Zero
DATAFLOW,OECD.ELS.SAE:DSD_EARNINGS@AV_AN_WAGE(1.0),Salaire annuel moyen,I,EST,Estonie,WG,Wages,EUR,Euro,A,Annuelle,Q,Prix constants,MEAN,Moyenne,_Z,Non applicable,2014,,19198.831,,2023,,A,Normal value,0,Units,0,Zero
DATAFLOW,OECD.ELS.SAE:DSD_EARNINGS@AV_AN_WAGE(1.0),Salaire annuel moyen,I,BEL,Belgique,WG,Wages,EUR,Euro,A,Annuelle,V,Prix courants,MEAN,Moyenne,_Z,Non applicable,2013,,42762.729,,,,A,Normal value,0,Units,0,Zero
DATAFLOW,OECD.ELS.SAE:DSD_EARNINGS@AV_AN_WAGE(1.0),Salaire annuel moyen,I,BEL,Belgique,WG,Wages,EUR,Euro,A,Annuelle,V,Prix courants,MEAN,Moyenne,_Z,Non applicable,2023,,56679.335,,,,A,Normal value,0,Units,0,Zero
DATAFLOW,OECD.ELS.SAE:DSD_EARNINGS@AV_AN_WAGE(1.0),Salaire annuel moyen,I,AUT,Autriche,WG,Wages,EUR,Euro,A,Annuelle,V,Prix courants,MEAN,Moyenne,_Z,Non applicable,2021,,47067.8,,,,A,Normal value,0,Units,0,Zero
DATAFLOW,OECD.ELS.SAE:DSD_EARNINGS@AV_AN_WAGE(1.0),Salaire annuel moyen,I,AUT,Autriche,WG,Wages,EUR,Euro,A,Annuelle,V,Prix courants,MEAN,Moyenne,_Z,Non applicable,2020,,45392.432,,,,A,Normal value,0,Units,0,Zero
DATAFLOW,OECD.ELS.SAE:DSD_EARNINGS@AV_AN_WAGE(1.0),Salaire annuel moyen,I,AUT,Autriche,WG,Wages,EUR,Euro,A,Annuelle,V,Prix courants,MEAN,Moyenne,_Z,Non applicable,2019,,44719.212,,,,A,Normal value,0,Units,0,Zero
DATAFLOW,OECD.ELS.SAE:DSD_EARNINGS@AV_AN_WAGE(1.0),Salaire annuel moyen,I,AUT,Autriche,WG,Wages,EUR,Euro,A,Annuelle,V,Prix courants,MEAN,Moyenne,_Z,Non applicable,2018,,43587.555,,,,A,Normal value,0,Units,0,Zero
DATAFLOW,OECD.ELS.SAE:DSD_EARNINGS@AV_AN_WAGE(1.0),Salaire annuel moyen,I,AUT,Autriche,WG,Wages,EUR,Euro,A,Annuelle,V,Prix courants,MEAN,Moyenne,_Z,Non applicable,2017,,42571.458,,,,A,Normal value,0,Units,0,Zero
DATAFLOW,OECD.ELS.SAE:DSD_EARNINGS@AV_AN_WAGE(1.0),Salaire annuel moyen,I,AUT,Autriche,WG,Wages,EUR,Euro,A,Annuelle,V,Prix courants,MEAN,Moyenne,_Z,Non applicable,2016,,41835.994,,,,A,Normal value,0,Units,0,Zero
DATAFLOW,OECD.ELS.SAE:DSD_EARNINGS@AV_AN_WAGE(1.0),Salaire annuel moyen,I,AUT,Autriche,WG,Wages,EUR,Euro,A,Annuelle,V,Prix courants,MEAN,Moyenne,_Z,Non applicable,2014,,39974.792,,,,A,Normal value,0,Units,0,Zero
DATAFLOW,OECD.ELS.SAE:DSD_EARNINGS@AV_AN_WAGE(1.0),Salaire annuel moyen,I,AUT,Autriche,WG,Wages,EUR,Euro,A,Annuelle,V,Prix courants,MEAN,Moyenne,_Z,Non applicable,2013,,39035.153,,,,A,Normal value,0,Units,0,Zero
DATAFLOW,OECD.ELS.SAE:DSD_EARNINGS@AV_AN_WAGE(1.0),Salaire annuel moyen,I,AUT,Autriche,WG,Wages,EUR,Euro,A,Annuelle,V,Prix courants,MEAN,Moyenne,_Z,Non applicable,2015,,40847.041,,,,A,Normal value,0,Units,0,Zero
DATAFLOW,OECD.ELS.SAE:DSD_EARNINGS@AV_AN_WAGE(1.0),Salaire annuel moyen,I,AUT,Autriche,WG,Wages,EUR,Euro,A,Annuelle,V,Prix courants,MEAN,Moyenne,_Z,Non applicable,2023,,53242.416,,,,A,Normal value,0,Units,0,Zero
DATAFLOW,OECD.ELS.SAE:DSD_EARNINGS@AV_AN_WAGE(1.0),Salaire annuel moyen,I,IRL,Irlande,WG,Wages,EUR,Euro,A,Annuelle,V,Prix courants,MEAN,Moyenne,_Z,Non applicable,2021,,50531.585,,,,A,Normal value,0,Units,0,Zero
DATAFLOW,OECD.ELS.SAE:DSD_EARNINGS@AV_AN_WAGE(1.0),Salaire annuel moyen,I,IRL,Irlande,WG,Wages,EUR,Euro,A,Annuelle,V,Prix courants,MEAN,Moyenne,_Z,Non applicable,2020,,49130.382,,,,A,Normal value,0,Units,0,Zero
DATAFLOW,OECD.ELS.SAE:DSD_EARNINGS@AV_AN_WAGE(1.0),Salaire annuel moyen,I,IRL,Irlande,WG,Wages,EUR,Euro,A,Annuelle,V,Prix courants,MEAN,Moyenne,_Z,Non applicable,2019,,47958.47,,,,A,Normal value,0,Units,0,Zero
DATAFLOW,OECD.ELS.SAE:DSD_EARNINGS@AV_AN_WAGE(1.0),Salaire annuel moyen,I,IRL,Irlande,WG,Wages,EUR,Euro,A,Annuelle,V,Prix courants,MEAN,Moyenne,_Z,Non applicable,2018,,46365.165,,,,A,Normal value,0,Units,0,Zero
DATAFLOW,OECD.ELS.SAE:DSD_EARNINGS@AV_AN_WAGE(1.0),Salaire annuel moyen,I,IRL,Irlande,WG,Wages,EUR,Euro,A,Annuelle,V,Prix courants,MEAN,Moyenne,_Z,Non applicable,2017,,44920.416,,,,A,Normal value,0,Units,0,Zero
DATAFLOW,OECD.ELS.SAE:DSD_EARNINGS@AV_AN_WAGE(1.0),Salaire annuel moyen,I,IRL,Irlande,WG,Wages,EUR,Euro,A,Annuelle,V,Prix courants,MEAN,Moyenne,_Z,Non applicable,2016,,43724.845,,,,A,Normal value,0,Units,0,Zero
DATAFLOW,OECD.ELS.SAE:DSD_EARNINGS@AV_AN_WAGE(1.0),Salaire annuel moyen,I,IRL,Irlande,WG,Wages,EUR,Euro,A,Annuelle,V,Prix courants,MEAN,Moyenne,_Z,Non applicable,2015,,42956.358,,,,A,Normal value,0,Units,0,Zero
DATAFLOW,OECD.ELS.SAE:DSD_EARNINGS@AV_AN_WAGE(1.0),Salaire annuel moyen,I,IRL,Irlande,WG,Wages,EUR,Euro,A,Annuelle,V,Prix courants,MEAN,Moyenne,_Z,Non applicable,2014,,42536.754,,,,A,Normal value,0,Units,0,Zero
DATAFLOW,OECD.ELS.SAE:DSD_EARNINGS@AV_AN_WAGE(1.0),Salaire annuel moyen,I,IRL,Irlande,WG,Wages,EUR,Euro,A,Annuelle,V,Prix courants,MEAN,Moyenne,_Z,Non applicable,2013,,42417.093,,,,A,Normal value,0,Units,0,Zero
DATAFLOW,OECD.ELS.SAE:DSD_EARNINGS@AV_AN_WAGE(1.0),Salaire annuel moyen,I,IRL,Irlande,WG,Wages,EUR,Euro,A,Annuelle,V,Prix courants,MEAN,Moyenne,_Z,Non applicable,2023,,53986.623,,,,A,Normal value,0,Units,0,Zero
DATAFLOW,OECD.ELS.SAE:DSD_EARNINGS@AV_AN_WAGE(1.0),Salaire annuel moyen,I,LVA,Lettonie,WG,Wages,EUR,Euro,A,Annuelle,V,Prix courants,MEAN,Moyenne,_Z,Non applicable,2023,,22618.348,,,,A,Normal value,0,Units,0,Zero
DATAFLOW,OECD.ELS.SAE:DSD_EARNINGS@AV_AN_WAGE(1.0),Salaire annuel moyen,I,LVA,Lettonie,WG,Wages,EUR,Euro,A,Annuelle,V,Prix courants,MEAN,Moyenne,_Z,Non applicable,2022,,19949.829,,,,A,Normal value,0,Units,0,Zero
DATAFLOW,OECD.ELS.SAE:DSD_EARNINGS@AV_AN_WAGE(1.0),Salaire annuel moyen,I,LVA,Lettonie,WG,Wages,EUR,Euro,A,Annuelle,V,Prix courants,MEAN,Moyenne,_Z,Non applicable,2021,,17750.852,,,,A,Normal value,0,Units,0,Zero
DATAFLOW,OECD.ELS.SAE:DSD_EARNINGS@AV_AN_WAGE(1.0),Salaire annuel moyen,I,LVA,Lettonie,WG,Wages,EUR,Euro,A,Annuelle,V,Prix courants,MEAN,Moyenne,_Z,Non applicable,2020,,16320.993,,,,A,Normal value,0,Units,0,Zero
DATAFLOW,OECD.ELS.SAE:DSD_EARNINGS@AV_AN_WAGE(1.0),Salaire annuel moyen,I,LVA,Lettonie,WG,Wages,EUR,Euro,A,Annuelle,V,Prix courants,MEAN,Moyenne,_Z,Non applicable,2019,,15711.065,,,,A,Normal value,0,Units,0,Zero
DATAFLOW,OECD.ELS.SAE:DSD_EARNINGS@AV_AN_WAGE(1.0),Salaire annuel moyen,I,LVA,Lettonie,WG,Wages,EUR,Euro,A,Annuelle,V,Prix courants,MEAN,Moyenne,_Z,Non applicable,2018,,14610.931,,,,A,Normal value,0,Units,0,Zero
DATAFLOW,OECD.ELS.SAE:DSD_EARNINGS@AV_AN_WAGE(1.0),Salaire annuel moyen,I,LVA,Lettonie,WG,Wages,EUR,Euro,A,Annuelle,V,Prix courants,MEAN,Moyenne,_Z,Non applicable,2017,,13678.393,,,,A,Normal value,0,Units,0,Zero
DATAFLOW,OECD.ELS.SAE:DSD_EARNINGS@AV_AN_WAGE(1.0),Salaire annuel moyen,I,LVA,Lettonie,WG,Wages,EUR,Euro,A,Annuelle,V,Prix courants,MEAN,Moyenne,_Z,Non applicable,2016,,12787.479,,,,A,Normal value,0,Units,0,Zero
DATAFLOW,OECD.ELS.SAE:DSD_EARNINGS@AV_AN_WAGE(1.0),Salaire annuel moyen,I,LVA,Lettonie,WG,Wages,EUR,Euro,A,Annuelle,V,Prix courants,MEAN,Moyenne,_Z,Non applicable,2015,,11935.694,,,,A,Normal value,0,Units,0,Zero
DATAFLOW,OECD.ELS.SAE:DSD_EARNINGS@AV_AN_WAGE(1.0),Salaire annuel moyen,I,LVA,Lettonie,WG,Wages,EUR,Euro,A,Annuelle,V,Prix courants,MEAN,Moyenne,_Z,Non applicable,2014,,11076.811,,,,A,Normal value,0,Units,0,Zero
DATAFLOW,OECD.ELS.SAE:DSD_EARNINGS@AV_AN_WAGE(1.0),Salaire annuel moyen,I,SVK,République slovaque,WG,Wages,EUR,Euro,A,Annuelle,V,Prix courants,MEAN,Moyenne,_Z,Non applicable,2018,,13964.144,,,,A,Normal value,0,Units,0,Zero
DATAFLOW,OECD.ELS.SAE:DSD_EARNINGS@AV_AN_WAGE(1.0),Salaire annuel moyen,I,LUX,Luxembourg,WG,Wages,EUR,Euro,A,Annuelle,V,Prix courants,MEAN,Moyenne,_Z,Non applicable,2022,,75379.162,,,,A,Normal value,0,Units,0,Zero
DATAFLOW,OECD.ELS.SAE:DSD_EARNINGS@AV_AN_WAGE(1.0),Salaire annuel moyen,I,LTU,Lituanie,WG,Wages,EUR,Euro,A,Annuelle,V,Prix courants,MEAN,Moyenne,_Z,Non applicable,2013,,12250.592,,,,A,Normal value,0,Units,0,Zero
DATAFLOW,OECD.ELS.SAE:DSD_EARNINGS@AV_AN_WAGE(1.0),Salaire annuel moyen,I,GRC,Grèce,WG,Wages,EUR,Euro,A,Annuelle,V,Prix courants,MEAN,Moyenne,_Z,Non applicable,2014,,17213.077,,,,A,Normal value,0,Units,0,Zero
DATAFLOW,OECD.ELS.SAE:DSD_EARNINGS@AV_AN_WAGE(1.0),Salaire annuel moyen,I,EST,Estonie,WG,Wages,EUR,Euro,A,Annuelle,V,Prix courants,MEAN,Moyenne,_Z,Non applicable,2022,,22732.295,,,,A,Normal value,0,Units,0,Zero
DATAFLOW,OECD.ELS.SAE:DSD_EARNINGS@AV_AN_WAGE(1.0),Salaire annuel moyen,I,FIN,Finlande,WG,Wages,EUR,Euro,A,Annuelle,V,Prix courants,MEAN,Moyenne,_Z,Non applicable,2013,,39218.974,,,,A,Normal value,0,Units,0,Zero
DATAFLOW,OECD.ELS.SAE:DSD_EARNINGS@AV_AN_WAGE(1.0),Salaire annuel moyen,I,PRT,Portugal,WG,Wages,EUR,Euro,A,Annuelle,V,Prix courants,MEAN,Moyenne,_Z,Non applicable,2022,,20420.587,,,,A,Normal value,0,Units,0,Zero
DATAFLOW,OECD.ELS.SAE:DSD_EARNINGS@AV_AN_WAGE(1.0),Salaire annuel moyen,I,SVN,Slovénie,WG,Wages,EUR,Euro,A,Annuelle,V,Prix courants,MEAN,Moyenne,_Z,Non applicable,2013,,21701.229,,,,A,Normal value,0,Units,0,Zero
DATAFLOW,OECD.ELS.SAE:DSD_EARNINGS@AV_AN_WAGE(1.0),Salaire annuel moyen,I,ESP,Espagne,WG,Wages,EUR,Euro,A,Annuelle,V,Prix courants,MEAN,Moyenne,_Z,Non applicable,2013,,26526.342,,,,A,Normal value,0,Units,0,Zero
DATAFLOW,OECD.ELS.SAE:DSD_EARNINGS@AV_AN_WAGE(1.0),Salaire annuel moyen,I,FRA,France,WG,Wages,EUR,Euro,A,Annuelle,V,Prix courants,MEAN,Moyenne,_Z,Non applicable,2013,,35801.071,,,,A,Normal value,0,Units,0,Zero
DATAFLOW,OECD.ELS.SAE:DSD_EARNINGS@AV_AN_WAGE(1.0),Salaire annuel moyen,I,ITA,Italie,WG,Wages,EUR,Euro,A,Annuelle,V,Prix courants,MEAN,Moyenne,_Z,Non applicable,2013,,28385.326,,,,A,Normal value,0,Units,0,Zero
DATAFLOW,OECD.ELS.SAE:DSD_EARNINGS@AV_AN_WAGE(1.0),Salaire annuel moyen,I,DEU,Allemagne,WG,Wages,EUR,Euro,A,Annuelle,V,Prix courants,MEAN,Moyenne,_Z,Non applicable,2013,,36131.87,,,,A,Normal value,0,Units,0,Zero
DATAFLOW,OECD.ELS.SAE:DSD_EARNINGS@AV_AN_WAGE(1.0),Salaire annuel moyen,I,NLD,Pays-Bas,WG,Wages,EUR,Euro,A,Annuelle,V,Prix courants,MEAN,Moyenne,_Z,Non applicable,2013,,45153.038,,,,A,Normal value,0,Units,0,Zero
DATAFLOW,OECD.ELS.SAE:DSD_EARNINGS@AV_AN_WAGE(1.0),Salaire annuel moyen,I,BEL,Belgique,WG,Wages,EUR,Euro,A,Annuelle,V,Prix courants,MEAN,Moyenne,_Z,Non applicable,2022,,52206.547,,,,A,Normal value,0,Units,0,Zero
DATAFLOW,OECD.ELS.SAE:DSD_EARNINGS@AV_AN_WAGE(1.0),Salaire annuel moyen,I,AUT,Autriche,WG,Wages,EUR,Euro,A,Annuelle,V,Prix courants,MEAN,Moyenne,_Z,Non applicable,2022,,49367.326,,,,A,Normal value,0,Units,0,Zero
DATAFLOW,OECD.ELS.SAE:DSD_EARNINGS@AV_AN_WAGE(1.0),Salaire annuel moyen,I,IRL,Irlande,WG,Wages,EUR,Euro,A,Annuelle,V,Prix courants,MEAN,Moyenne,_Z,Non applicable,2022,,52067.069,,,,A,Normal value,0,Units,0,Zero
DATAFLOW,OECD.ELS.SAE:DSD_EARNINGS@AV_AN_WAGE(1.0),Salaire annuel moyen,I,LVA,Lettonie,WG,Wages,EUR,Euro,A,Annuelle,V,Prix courants,MEAN,Moyenne,_Z,Non applicable,2013,,10249.323,,,,A,Normal value,0,Units,0,Zero
DATAFLOW,OECD.ELS.SAE:DSD_EARNINGS@AV_AN_WAGE(1.0),Salaire annuel moyen,I,PRT,Portugal,WG,Wages,EUR,Euro,A,Annuelle,V,Prix courants,MEAN,Moyenne,_Z,Non applicable,2021,,19241.455,,,,A,Normal value,0,Units,0,Zero
DATAFLOW,OECD.ELS.SAE:DSD_EARNINGS@AV_AN_WAGE(1.0),Salaire annuel moyen,I,PRT,Portugal,WG,Wages,EUR,Euro,A,Annuelle,V,Prix courants,MEAN,Moyenne,_Z,Non applicable,2020,,18496.006,,,,A,Normal value,0,Units,0,Zero
DATAFLOW,OECD.ELS.SAE:DSD_EARNINGS@AV_AN_WAGE(1.0),Salaire annuel moyen,I,PRT,Portugal,WG,Wages,EUR,Euro,A,Annuelle,V,Prix courants,MEAN,Moyenne,_Z,Non applicable,2019,,18252.972,,,,A,Normal value,0,Units,0,Zero
DATAFLOW,OECD.ELS.SAE:DSD_EARNINGS@AV_AN_WAGE(1.0),Salaire annuel moyen,I,PRT,Portugal,WG,Wages,EUR,Euro,A,Annuelle,V,Prix courants,MEAN,Moyenne,_Z,Non applicable,2018,,17423.468,,,,A,Normal value,0,Units,0,Zero
DATAFLOW,OECD.ELS.SAE:DSD_EARNINGS@AV_AN_WAGE(1.0),Salaire annuel moyen,I,PRT,Portugal,WG,Wages,EUR,Euro,A,Annuelle,V,Prix courants,MEAN,Moyenne,_Z,Non applicable,2017,,16877.762,,,,A,Normal value,0,Units,0,Zero
DATAFLOW,OECD.ELS.SAE:DSD_EARNINGS@AV_AN_WAGE(1.0),Salaire annuel moyen,I,PRT,Portugal,WG,Wages,EUR,Euro,A,Annuelle,V,Prix courants,MEAN,Moyenne,_Z,Non applicable,2016,,16553.199,,,,A,Normal value,0,Units,0,Zero
DATAFLOW,OECD.ELS.SAE:DSD_EARNINGS@AV_AN_WAGE(1.0),Salaire annuel moyen,I,PRT,Portugal,WG,Wages,EUR,Euro,A,Annuelle,V,Prix courants,MEAN,Moyenne,_Z,Non applicable,2015,,16462.535,,,,A,Normal value,0,Units,0,Zero
DATAFLOW,OECD.ELS.SAE:DSD_EARNINGS@AV_AN_WAGE(1.0),Salaire annuel moyen,I,PRT,Portugal,WG,Wages,EUR,Euro,A,Annuelle,V,Prix courants,MEAN,Moyenne,_Z,Non applicable,2014,,16368.325,,,,A,Normal value,0,Units,0,Zero
DATAFLOW,OECD.ELS.SAE:DSD_EARNINGS@AV_AN_WAGE(1.0),Salaire annuel moyen,I,PRT,Portugal,WG,Wages,EUR,Euro,A,Annuelle,V,Prix courants,MEAN,Moyenne,_Z,Non applicable,2013,,16618.039,,,,A,Normal value,0,Units,0,Zero
DATAFLOW,OECD.ELS.SAE:DSD_EARNINGS@AV_AN_WAGE(1.0),Salaire annuel moyen,I,PRT,Portugal,WG,Wages,EUR,Euro,A,Annuelle,V,Prix courants,MEAN,Moyenne,_Z,Non applicable,2023,,22006.18,,,,A,Normal value,0,Units,0,Zero
DATAFLOW,OECD.ELS.SAE:DSD_EARNINGS@AV_AN_WAGE(1.0),Salaire annuel moyen,I,SVN,Slovénie,WG,Wages,EUR,Euro,A,Annuelle,V,Prix courants,MEAN,Moyenne,_Z,Non applicable,2023,,33936.229,,,,A,Normal value,0,Units,0,Zero
DATAFLOW,OECD.ELS.SAE:DSD_EARNINGS@AV_AN_WAGE(1.0),Salaire annuel moyen,I,SVN,Slovénie,WG,Wages,EUR,Euro,A,Annuelle,V,Prix courants,MEAN,Moyenne,_Z,Non applicable,2022,,30220.566,,,,A,Normal value,0,Units,0,Zero
DATAFLOW,OECD.ELS.SAE:DSD_EARNINGS@AV_AN_WAGE(1.0),Salaire annuel moyen,I,SVN,Slovénie,WG,Wages,EUR,Euro,A,Annuelle,V,Prix courants,MEAN,Moyenne,_Z,Non applicable,2021,,28545.611,,,,A,Normal value,0,Units,0,Zero
DATAFLOW,OECD.ELS.SAE:DSD_EARNINGS@AV_AN_WAGE(1.0),Salaire annuel moyen,I,SVN,Slovénie,WG,Wages,EUR,Euro,A,Annuelle,V,Prix courants,MEAN,Moyenne,_Z,Non applicable,2020,,26489.841,,,,A,Normal value,0,Units,0,Zero
DATAFLOW,OECD.ELS.SAE:DSD_EARNINGS@AV_AN_WAGE(1.0),Salaire annuel moyen,I,SVN,Slovénie,WG,Wages,EUR,Euro,A,Annuelle,V,Prix courants,MEAN,Moyenne,_Z,Non applicable,2019,,25869.045,,,,A,Normal value,0,Units,0,Zero
DATAFLOW,OECD.ELS.SAE:DSD_EARNINGS@AV_AN_WAGE(1.0),Salaire annuel moyen,I,SVN,Slovénie,WG,Wages,EUR,Euro,A,Annuelle,V,Prix courants,MEAN,Moyenne,_Z,Non applicable,2018,,24834.76,,,,A,Normal value,0,Units,0,Zero
DATAFLOW,OECD.ELS.SAE:DSD_EARNINGS@AV_AN_WAGE(1.0),Salaire annuel moyen,I,SVN,Slovénie,WG,Wages,EUR,Euro,A,Annuelle,V,Prix courants,MEAN,Moyenne,_Z,Non applicable,2017,,23923.665,,,,A,Normal value,0,Units,0,Zero
DATAFLOW,OECD.ELS.SAE:DSD_EARNINGS@AV_AN_WAGE(1.0),Salaire annuel moyen,I,SVN,Slovénie,WG,Wages,EUR,Euro,A,Annuelle,V,Prix courants,MEAN,Moyenne,_Z,Non applicable,2016,,23029.334,,,,A,Normal value,0,Units,0,Zero
DATAFLOW,OECD.ELS.SAE:DSD_EARNINGS@AV_AN_WAGE(1.0),Salaire annuel moyen,I,SVN,Slovénie,WG,Wages,EUR,Euro,A,Annuelle,V,Prix courants,MEAN,Moyenne,_Z,Non applicable,2015,,22283.737,,,,A,Normal value,0,Units,0,Zero
DATAFLOW,OECD.ELS.SAE:DSD_EARNINGS@AV_AN_WAGE(1.0),Salaire annuel moyen,I,SVN,Slovénie,WG,Wages,EUR,Euro,A,Annuelle,V,Prix courants,MEAN,Moyenne,_Z,Non applicable,2014,,21994.322,,,,A,Normal value,0,Units,0,Zero
DATAFLOW,OECD.ELS.SAE:DSD_EARNINGS@AV_AN_WAGE(1.0),Salaire annuel moyen,I,ESP,Espagne,WG,Wages,EUR,Euro,A,Annuelle,V,Prix courants,MEAN,Moyenne,_Z,Non applicable,2023,,31944.562,,,,A,Normal value,0,Units,0,Zero
DATAFLOW,OECD.ELS.SAE:DSD_EARNINGS@AV_AN_WAGE(1.0),Salaire annuel moyen,I,ESP,Espagne,WG,Wages,EUR,Euro,A,Annuelle,V,Prix courants,MEAN,Moyenne,_Z,Non applicable,2022,,30369.978,,,,A,Normal value,0,Units,0,Zero
DATAFLOW,OECD.ELS.SAE:DSD_EARNINGS@AV_AN_WAGE(1.0),Salaire annuel moyen,I,ESP,Espagne,WG,Wages,EUR,Euro,A,Annuelle,V,Prix courants,MEAN,Moyenne,_Z,Non applicable,2021,,29239.413,,,,A,Normal value,0,Units,0,Zero
DATAFLOW,OECD.ELS.SAE:DSD_EARNINGS@AV_AN_WAGE(1.0),Salaire annuel moyen,I,ESP,Espagne,WG,Wages,EUR,Euro,A,Annuelle,V,Prix courants,MEAN,Moyenne,_Z,Non applicable,2020,,27622.254,,,,A,Normal value,0,Units,0,Zero
DATAFLOW,OECD.ELS.SAE:DSD_EARNINGS@AV_AN_WAGE(1.0),Salaire annuel moyen,I,ESP,Espagne,WG,Wages,EUR,Euro,A,Annuelle,V,Prix courants,MEAN,Moyenne,_Z,Non applicable,2019,,27719.721,,,,A,Normal value,0,Units,0,Zero
DATAFLOW,OECD.ELS.SAE:DSD_EARNINGS@AV_AN_WAGE(1.0),Salaire annuel moyen,I,ESP,Espagne,WG,Wages,EUR,Euro,A,Annuelle,V,Prix courants,MEAN,Moyenne,_Z,Non applicable,2018,,27114.439,,,,A,Normal value,0,Units,0,Zero
DATAFLOW,OECD.ELS.SAE:DSD_EARNINGS@AV_AN_WAGE(1.0),Salaire annuel moyen,I,ESP,Espagne,WG,Wages,EUR,Euro,A,Annuelle,V,Prix courants,MEAN,Moyenne,_Z,Non applicable,2017,,26801.84,,,,A,Normal value,0,Units,0,Zero
DATAFLOW,OECD.ELS.SAE:DSD_EARNINGS@AV_AN_WAGE(1.0),Salaire annuel moyen,I,ESP,Espagne,WG,Wages,EUR,Euro,A,Annuelle,V,Prix courants,MEAN,Moyenne,_Z,Non applicable,2016,,26745.304,,,,A,Normal value,0,Units,0,Zero
DATAFLOW,OECD.ELS.SAE:DSD_EARNINGS@AV_AN_WAGE(1.0),Salaire annuel moyen,I,ESP,Espagne,WG,Wages,EUR,Euro,A,Annuelle,V,Prix courants,MEAN,Moyenne,_Z,Non applicable,2015,,26851.56,,,,A,Normal value,0,Units,0,Zero
DATAFLOW,OECD.ELS.SAE:DSD_EARNINGS@AV_AN_WAGE(1.0),Salaire annuel moyen,I,ESP,Espagne,WG,Wages,EUR,Euro,A,Annuelle,V,Prix courants,MEAN,Moyenne,_Z,Non applicable,2014,,26479.253,,,,A,Normal value,0,Units,0,Zero
DATAFLOW,OECD.ELS.SAE:DSD_EARNINGS@AV_AN_WAGE(1.0),Salaire annuel moyen,I,FRA,France,WG,Wages,EUR,Euro,A,Annuelle,V,Prix courants,MEAN,Moyenne,_Z,Non applicable,2023,,43592.42,,,,A,Normal value,0,Units,0,Zero
DATAFLOW,OECD.ELS.SAE:DSD_EARNINGS@AV_AN_WAGE(1.0),Salaire annuel moyen,I,FRA,France,WG,Wages,EUR,Euro,A,Annuelle,V,Prix courants,MEAN,Moyenne,_Z,Non applicable,2022,,41705.603,,,,A,Normal value,0,Units,0,Zero
DATAFLOW,OECD.ELS.SAE:DSD_EARNINGS@AV_AN_WAGE(1.0),Salaire annuel moyen,I,FRA,France,WG,Wages,EUR,Euro,A,Annuelle,V,Prix courants,MEAN,Moyenne,_Z,Non applicable,2021,,39663.049,,,,A,Normal value,0,Units,0,Zero
DATAFLOW,OECD.ELS.SAE:DSD_EARNINGS@AV_AN_WAGE(1.0),Salaire annuel moyen,I,FRA,France,WG,Wages,EUR,Euro,A,Annuelle,V,Prix courants,MEAN,Moyenne,_Z,Non applicable,2020,,37604.785,,,,A,Normal value,0,Units,0,Zero
DATAFLOW,OECD.ELS.SAE:DSD_EARNINGS@AV_AN_WAGE(1.0),Salaire annuel moyen,I,FRA,France,WG,Wages,EUR,Euro,A,Annuelle,V,Prix courants,MEAN,Moyenne,_Z,Non applicable,2019,,39151.788,,,,A,Normal value,0,Units,0,Zero
DATAFLOW,OECD.ELS.SAE:DSD_EARNINGS@AV_AN_WAGE(1.0),Salaire annuel moyen,I,FRA,France,WG,Wages,EUR,Euro,A,Annuelle,V,Prix courants,MEAN,Moyenne,_Z,Non applicable,2018,,38453.86,,,,A,Normal value,0,Units,0,Zero
DATAFLOW,OECD.ELS.SAE:DSD_EARNINGS@AV_AN_WAGE(1.0),Salaire annuel moyen,I,FRA,France,WG,Wages,EUR,Euro,A,Annuelle,V,Prix courants,MEAN,Moyenne,_Z,Non applicable,2017,,37866.774,,,,A,Normal value,0,Units,0,Zero
DATAFLOW,OECD.ELS.SAE:DSD_EARNINGS@AV_AN_WAGE(1.0),Salaire annuel moyen,I,FRA,France,WG,Wages,EUR,Euro,A,Annuelle,V,Prix courants,MEAN,Moyenne,_Z,Non applicable,2016,,37048.892,,,,A,Normal value,0,Units,0,Zero
DATAFLOW,OECD.ELS.SAE:DSD_EARNINGS@AV_AN_WAGE(1.0),Salaire annuel moyen,I,FRA,France,WG,Wages,EUR,Euro,A,Annuelle,V,Prix courants,MEAN,Moyenne,_Z,Non applicable,2015,,36535.404,,,,A,Normal value,0,Units,0,Zero
DATAFLOW,OECD.ELS.SAE:DSD_EARNINGS@AV_AN_WAGE(1.0),Salaire annuel moyen,I,FRA,France,WG,Wages,EUR,Euro,A,Annuelle,V,Prix courants,MEAN,Moyenne,_Z,Non applicable,2014,,36087.821,,,,A,Normal value,0,Units,0,Zero
DATAFLOW,OECD.ELS.SAE:DSD_EARNINGS@AV_AN_WAGE(1.0),Salaire annuel moyen,I,ITA,Italie,WG,Wages,EUR,Euro,A,Annuelle,V,Prix courants,MEAN,Moyenne,_Z,Non applicable,2023,,32450.354,,,,A,Normal value,0,Units,0,Zero
DATAFLOW,OECD.ELS.SAE:DSD_EARNINGS@AV_AN_WAGE(1.0),Salaire annuel moyen,I,ITA,Italie,WG,Wages,EUR,Euro,A,Annuelle,V,Prix courants,MEAN,Moyenne,_Z,Non applicable,2022,,31720.096,,,,A,Normal value,0,Units,0,Zero
DATAFLOW,OECD.ELS.SAE:DSD_EARNINGS@AV_AN_WAGE(1.0),Salaire annuel moyen,I,ITA,Italie,WG,Wages,EUR,Euro,A,Annuelle,V,Prix courants,MEAN,Moyenne,_Z,Non applicable,2021,,30246.735,,,,A,Normal value,0,Units,0,Zero
DATAFLOW,OECD.ELS.SAE:DSD_EARNINGS@AV_AN_WAGE(1.0),Salaire annuel moyen,I,ITA,Italie,WG,Wages,EUR,Euro,A,Annuelle,V,Prix courants,MEAN,Moyenne,_Z,Non applicable,2020,,28484.95,,,,A,Normal value,0,Units,0,Zero
DATAFLOW,OECD.ELS.SAE:DSD_EARNINGS@AV_AN_WAGE(1.0),Salaire annuel moyen,I,ITA,Italie,WG,Wages,EUR,Euro,A,Annuelle,V,Prix courants,MEAN,Moyenne,_Z,Non applicable,2019,,29877.262,,,,A,Normal value,0,Units,0,Zero
DATAFLOW,OECD.ELS.SAE:DSD_EARNINGS@AV_AN_WAGE(1.0),Salaire annuel moyen,I,ITA,Italie,WG,Wages,EUR,Euro,A,Annuelle,V,Prix courants,MEAN,Moyenne,_Z,Non applicable,2018,,29554.83,,,,A,Normal value,0,Units,0,Zero
DATAFLOW,OECD.ELS.SAE:DSD_EARNINGS@AV_AN_WAGE(1.0),Salaire annuel moyen,I,ITA,Italie,WG,Wages,EUR,Euro,A,Annuelle,V,Prix courants,MEAN,Moyenne,_Z,Non applicable,2017,,29242.939,,,,A,Normal value,0,Units,0,Zero
DATAFLOW,OECD.ELS.SAE:DSD_EARNINGS@AV_AN_WAGE(1.0),Salaire annuel moyen,I,ITA,Italie,WG,Wages,EUR,Euro,A,Annuelle,V,Prix courants,MEAN,Moyenne,_Z,Non applicable,2016,,29120.498,,,,A,Normal value,0,Units,0,Zero
DATAFLOW,OECD.ELS.SAE:DSD_EARNINGS@AV_AN_WAGE(1.0),Salaire annuel moyen,I,ITA,Italie,WG,Wages,EUR,Euro,A,Annuelle,V,Prix courants,MEAN,Moyenne,_Z,Non applicable,2015,,28858.201,,,,A,Normal value,0,Units,0,Zero
DATAFLOW,OECD.ELS.SAE:DSD_EARNINGS@AV_AN_WAGE(1.0),Salaire annuel moyen,I,ITA,Italie,WG,Wages,EUR,Euro,A,Annuelle,V,Prix courants,MEAN,Moyenne,_Z,Non applicable,2014,,28566.17,,,,A,Normal value,0,Units,0,Zero
DATAFLOW,OECD.ELS.SAE:DSD_EARNINGS@AV_AN_WAGE(1.0),Salaire annuel moyen,I,DEU,Allemagne,WG,Wages,EUR,Euro,A,Annuelle,V,Prix courants,MEAN,Moyenne,_Z,Non applicable,2023,,48300.897,,,,A,Normal value,0,Units,0,Zero
DATAFLOW,OECD.ELS.SAE:DSD_EARNINGS@AV_AN_WAGE(1.0),Salaire annuel moyen,I,DEU,Allemagne,WG,Wages,EUR,Euro,A,Annuelle,V,Prix courants,MEAN,Moyenne,_Z,Non applicable,2022,,45484.462,,,,A,Normal value,0,Units,0,Zero
DATAFLOW,OECD.ELS.SAE:DSD_EARNINGS@AV_AN_WAGE(1.0),Salaire annuel moyen,I,DEU,Allemagne,WG,Wages,EUR,Euro,A,Annuelle,V,Prix courants,MEAN,Moyenne,_Z,Non applicable,2021,,43639.434,,,,A,Normal value,0,Units,0,Zero
DATAFLOW,OECD.ELS.SAE:DSD_EARNINGS@AV_AN_WAGE(1.0),Salaire annuel moyen,I,DEU,Allemagne,WG,Wages,EUR,Euro,A,Annuelle,V,Prix courants,MEAN,Moyenne,_Z,Non applicable,2020,,42286.635,,,,A,Normal value,0,Units,0,Zero
DATAFLOW,OECD.ELS.SAE:DSD_EARNINGS@AV_AN_WAGE(1.0),Salaire annuel moyen,I,DEU,Allemagne,WG,Wages,EUR,Euro,A,Annuelle,V,Prix courants,MEAN,Moyenne,_Z,Non applicable,2019,,42383.5,,,,A,Normal value,0,Units,0,Zero
DATAFLOW,OECD.ELS.SAE:DSD_EARNINGS@AV_AN_WAGE(1.0),Salaire annuel moyen,I,DEU,Allemagne,WG,Wages,EUR,Euro,A,Annuelle,V,Prix courants,MEAN,Moyenne,_Z,Non applicable,2018,,41149.498,,,,A,Normal value,0,Units,0,Zero
DATAFLOW,OECD.ELS.SAE:DSD_EARNINGS@AV_AN_WAGE(1.0),Salaire annuel moyen,I,DEU,Allemagne,WG,Wages,EUR,Euro,A,Annuelle,V,Prix courants,MEAN,Moyenne,_Z,Non applicable,2017,,39992.271,,,,A,Normal value,0,Units,0,Zero
DATAFLOW,OECD.ELS.SAE:DSD_EARNINGS@AV_AN_WAGE(1.0),Salaire annuel moyen,I,DEU,Allemagne,WG,Wages,EUR,Euro,A,Annuelle,V,Prix courants,MEAN,Moyenne,_Z,Non applicable,2016,,38987.582,,,,A,Normal value,0,Units,0,Zero
DATAFLOW,OECD.ELS.SAE:DSD_EARNINGS@AV_AN_WAGE(1.0),Salaire annuel moyen,I,DEU,Allemagne,WG,Wages,EUR,Euro,A,Annuelle,V,Prix courants,MEAN,Moyenne,_Z,Non applicable,2015,,38130.88,,,,A,Normal value,0,Units,0,Zero
DATAFLOW,OECD.ELS.SAE:DSD_EARNINGS@AV_AN_WAGE(1.0),Salaire annuel moyen,I,DEU,Allemagne,WG,Wages,EUR,Euro,A,Annuelle,V,Prix courants,MEAN,Moyenne,_Z,Non applicable,2014,,37069.579,,,,A,Normal value,0,Units,0,Zero
DATAFLOW,OECD.ELS.SAE:DSD_EARNINGS@AV_AN_WAGE(1.0),Salaire annuel moyen,I,NLD,Pays-Bas,WG,Wages,EUR,Euro,A,Annuelle,V,Prix courants,MEAN,Moyenne,_Z,Non applicable,2023,,55542.416,,,,A,Normal value,0,Units,0,Zero
DATAFLOW,OECD.ELS.SAE:DSD_EARNINGS@AV_AN_WAGE(1.0),Salaire annuel moyen,I,NLD,Pays-Bas,WG,Wages,EUR,Euro,A,Annuelle,V,Prix courants,MEAN,Moyenne,_Z,Non applicable,2022,,52094.314,,,,A,Normal value,0,Units,0,Zero
DATAFLOW,OECD.ELS.SAE:DSD_EARNINGS@AV_AN_WAGE(1.0),Salaire annuel moyen,I,NLD,Pays-Bas,WG,Wages,EUR,Euro,A,Annuelle,V,Prix courants,MEAN,Moyenne,_Z,Non applicable,2021,,50689.404,,,,A,Normal value,0,Units,0,Zero
DATAFLOW,OECD.ELS.SAE:DSD_EARNINGS@AV_AN_WAGE(1.0),Salaire annuel moyen,I,ESP,Espagne,WG,Wages,EUR,Euro,A,Annuelle,Q,Prix constants,MEAN,Moyenne,_Z,Non applicable,2017,,31228.532,,2023,,A,Normal value,0,Units,0,Zero
DATAFLOW,OECD.ELS.SAE:DSD_EARNINGS@AV_AN_WAGE(1.0),Salaire annuel moyen,I,ESP,Espagne,WG,Wages,EUR,Euro,A,Annuelle,Q,Prix constants,MEAN,Moyenne,_Z,Non applicable,2016,,31640.103,,2023,,A,Normal value,0,Units,0,Zero
DATAFLOW,OECD.ELS.SAE:DSD_EARNINGS@AV_AN_WAGE(1.0),Salaire annuel moyen,I,ESP,Espagne,WG,Wages,EUR,Euro,A,Annuelle,Q,Prix constants,MEAN,Moyenne,_Z,Non applicable,2015,,31818.668,,2023,,A,Normal value,0,Units,0,Zero
DATAFLOW,OECD.ELS.SAE:DSD_EARNINGS@AV_AN_WAGE(1.0),Salaire annuel moyen,I,LUX,Luxembourg,WG,Wages,EUR,Euro,A,Annuelle,Q,Prix constants,MEAN,Moyenne,_Z,Non applicable,2020,,74716.318,,2023,,A,Normal value,0,Units,0,Zero
DATAFLOW,OECD.ELS.SAE:DSD_EARNINGS@AV_AN_WAGE(1.0),Salaire annuel moyen,I,LUX,Luxembourg,WG,Wages,EUR,Euro,A,Annuelle,Q,Prix constants,MEAN,Moyenne,_Z,Non applicable,2019,,74457.726,,2023,,A,Normal value,0,Units,0,Zero
DATAFLOW,OECD.ELS.SAE:DSD_EARNINGS@AV_AN_WAGE(1.0),Salaire annuel moyen,I,LUX,Luxembourg,WG,Wages,EUR,Euro,A,Annuelle,Q,Prix constants,MEAN,Moyenne,_Z,Non applicable,2018,,74305.017,,2023,,A,Normal value,0,Units,0,Zero
DATAFLOW,OECD.ELS.SAE:DSD_EARNINGS@AV_AN_WAGE(1.0),Salaire annuel moyen,I,LUX,Luxembourg,WG,Wages,EUR,Euro,A,Annuelle,Q,Prix constants,MEAN,Moyenne,_Z,Non applicable,2017,,73893.166,,2023,,A,Normal value,0,Units,0,Zero
DATAFLOW,OECD.ELS.SAE:DSD_EARNINGS@AV_AN_WAGE(1.0),Salaire annuel moyen,I,LUX,Luxembourg,WG,Wages,EUR,Euro,A,Annuelle,Q,Prix constants,MEAN,Moyenne,_Z,Non applicable,2016,,72980.268,,2023,,A,Normal value,0,Units,0,Zero
DATAFLOW,OECD.ELS.SAE:DSD_EARNINGS@AV_AN_WAGE(1.0),Salaire annuel moyen,I,LUX,Luxembourg,WG,Wages,EUR,Euro,A,Annuelle,Q,Prix constants,MEAN,Moyenne,_Z,Non applicable,2015,,73174.929,,2023,,A,Normal value,0,Units,0,Zero
DATAFLOW,OECD.ELS.SAE:DSD_EARNINGS@AV_AN_WAGE(1.0),Salaire annuel moyen,I,LUX,Luxembourg,WG,Wages,EUR,Euro,A,Annuelle,Q,Prix constants,MEAN,Moyenne,_Z,Non applicable,2014,,72767.793,,2023,,A,Normal value,0,Units,0,Zero
DATAFLOW,OECD.ELS.SAE:DSD_EARNINGS@AV_AN_WAGE(1.0),Salaire annuel moyen,I,NLD,Pays-Bas,WG,Wages,EUR,Euro,A,Annuelle,V,Prix courants,MEAN,Moyenne,_Z,Non applicable,2017,,46678.384,,,,A,Normal value,0,Units,0,Zero
DATAFLOW,OECD.ELS.SAE:DSD_EARNINGS@AV_AN_WAGE(1.0),Salaire annuel moyen,I,NLD,Pays-Bas,WG,Wages,EUR,Euro,A,Annuelle,V,Prix courants,MEAN,Moyenne,_Z,Non applicable,2016,,46382.016,,,,A,Normal value,0,Units,0,Zero
DATAFLOW,OECD.ELS.SAE:DSD_EARNINGS@AV_AN_WAGE(1.0),Salaire annuel moyen,I,NLD,Pays-Bas,WG,Wages,EUR,Euro,A,Annuelle,V,Prix courants,MEAN,Moyenne,_Z,Non applicable,2015,,45931.09,,,,A,Normal value,0,Units,0,Zero
DATAFLOW,OECD.ELS.SAE:DSD_EARNINGS@AV_AN_WAGE(1.0),Salaire annuel moyen,I,NLD,Pays-Bas,WG,Wages,EUR,Euro,A,Annuelle,V,Prix courants,MEAN,Moyenne,_Z,Non applicable,2014,,45303.331,,,,A,Normal value,0,Units,0,Zero
DATAFLOW,OECD.ELS.SAE:DSD_EARNINGS@AV_AN_WAGE(1.0),Salaire annuel moyen,I,BEL,Belgique,WG,Wages,EUR,Euro,A,Annuelle,V,Prix courants,MEAN,Moyenne,_Z,Non applicable,2021,,48549.805,,,,A,Normal value,0,Units,0,Zero
DATAFLOW,OECD.ELS.SAE:DSD_EARNINGS@AV_AN_WAGE(1.0),Salaire annuel moyen,I,BEL,Belgique,WG,Wages,EUR,Euro,A,Annuelle,V,Prix courants,MEAN,Moyenne,_Z,Non applicable,2014,,43322.689,,,,A,Normal value,0,Units,0,Zero
DATAFLOW,OECD.ELS.SAE:DSD_EARNINGS@AV_AN_WAGE(1.0),Salaire annuel moyen,I,DEU,Allemagne,WG,Wages,EUR,Euro,A,Annuelle,Q,Prix constants,MEAN,Moyenne,_Z,Non applicable,2022,,48376.088,,2023,,A,Normal value,0,Units,0,Zero
DATAFLOW,OECD.ELS.SAE:DSD_EARNINGS@AV_AN_WAGE(1.0),Salaire annuel moyen,I,IRL,Irlande,WG,Wages,EUR,Euro,A,Annuelle,Q,Prix constants,MEAN,Moyenne,_Z,Non applicable,2013,,54653.049,,2023,,A,Normal value,0,Units,0,Zero
DATAFLOW,OECD.ELS.SAE:DSD_EARNINGS@AV_AN_WAGE(1.0),Salaire annuel moyen,I,ITA,Italie,WG,Wages,EUR,Euro,A,Annuelle,Q,Prix constants,MEAN,Moyenne,_Z,Non applicable,2022,,33372.454,,2023,,A,Normal value,0,Units,0,Zero
