STRUCTURE,STRUCTURE_ID,STRUCTURE_NAME,ACTION,LOCATION,Pays,SKILL,Compétences,OBS_VALUE,Observation Value,OBS_STATUS,Observation Status,UNIT_MEASURE,Unit of Measures,UNIT_MULT,Multiplier,BASE_PER,Base reference period
DATAFLOW,OECD:DF_S4J2022(1.0),Besoins de compétences par pays,I,AUS,Australie,01,,-0.103,,A,,,,,,,
DATAFLOW,OECD:DF_S4J2022(1.0),Besoins de compétences par pays,I,AUS,Australie,02,,-0.275,,A,,,,,,,
DATAFLOW,OECD:DF_S4J2022(1.0),Besoins de compétences par pays,I,AUS,Australie,03,,-0.469,,A,,,,,,,
DATAFLOW,OECD:DF_S4J2022(1.0),Besoins de compétences par pays,I,AUS,Australie,04,,-0.03,,A,,,,,,,
DATAFLOW,OECD:DF_S4J2022(1.0),Besoins de compétences par pays,I,AUS,Australie,05,,-0.349,,A,,,,,,,
DATAFLOW,OECD:DF_S4J2022(1.0),Besoins de compétences par pays,I,AUS,Australie,06,,-0.278,,A,,,,,,,
DATAFLOW,OECD:DF_S4J2022(1.0),Besoins de compétences par pays,I,AUS,Australie,07,,-0.178,,A,,,,,,,
DATAFLOW,OECD:DF_S4J2022(1.0),Besoins de compétences par pays,I,AUS,Australie,08,,0.437,,A,,,,,,,
DATAFLOW,OECD:DF_S4J2022(1.0),Besoins de compétences par pays,I,AUS,Australie,09,,-0.385,,A,,,,,,,
DATAFLOW,OECD:DF_S4J2022(1.0),Besoins de compétences par pays,I,AUS,Australie,10,,-0.409,,A,,,,,,,
DATAFLOW,OECD:DF_S4J2022(1.0),Besoins de compétences par pays,I,AUS,Australie,11,,-0.35,,A,,,,,,,
DATAFLOW,OECD:DF_S4J2022(1.0),Besoins de compétences par pays,I,AUS,Australie,12,,-0.056,,A,,,,,,,
DATAFLOW,OECD:DF_S4J2022(1.0),Besoins de compétences par pays,I,AUS,Australie,13,,-0.266,,A,,,,,,,
DATAFLOW,OECD:DF_S4J2022(1.0),Besoins de compétences par pays,I,AUS,Australie,14,,0.566,,A,,,,,,,
DATAFLOW,OECD:DF_S4J2022(1.0),Besoins de compétences par pays,I,AUT,Autriche,01,,0.06,,A,,,,,,,
DATAFLOW,OECD:DF_S4J2022(1.0),Besoins de compétences par pays,I,AUT,Autriche,02,,0.093,,A,,,,,,,
DATAFLOW,OECD:DF_S4J2022(1.0),Besoins de compétences par pays,I,AUT,Autriche,03,,0.058,,A,,,,,,,
DATAFLOW,OECD:DF_S4J2022(1.0),Besoins de compétences par pays,I,AUT,Autriche,04,,-0.192,,A,,,,,,,
DATAFLOW,OECD:DF_S4J2022(1.0),Besoins de compétences par pays,I,AUT,Autriche,05,,-0.111,,A,,,,,,,
DATAFLOW,OECD:DF_S4J2022(1.0),Besoins de compétences par pays,I,BEL,Belgique,11,,-0.211,,A,,,,,,,
DATAFLOW,OECD:DF_S4J2022(1.0),Besoins de compétences par pays,I,AUT,Autriche,06,,-0.012,,A,,,,,,,
DATAFLOW,OECD:DF_S4J2022(1.0),Besoins de compétences par pays,I,AUT,Autriche,07,,0.03,,A,,,,,,,
DATAFLOW,OECD:DF_S4J2022(1.0),Besoins de compétences par pays,I,AUT,Autriche,08,,-0.109,,A,,,,,,,
DATAFLOW,OECD:DF_S4J2022(1.0),Besoins de compétences par pays,I,AUT,Autriche,09,,0.198,,A,,,,,,,
DATAFLOW,OECD:DF_S4J2022(1.0),Besoins de compétences par pays,I,AUT,Autriche,10,,0.131,,A,,,,,,,
DATAFLOW,OECD:DF_S4J2022(1.0),Besoins de compétences par pays,I,AUT,Autriche,11,,-0.058,,A,,,,,,,
DATAFLOW,OECD:DF_S4J2022(1.0),Besoins de compétences par pays,I,AUT,Autriche,12,,0.053,,A,,,,,,,
DATAFLOW,OECD:DF_S4J2022(1.0),Besoins de compétences par pays,I,AUT,Autriche,13,,-0.143,,A,,,,,,,
DATAFLOW,OECD:DF_S4J2022(1.0),Besoins de compétences par pays,I,AUT,Autriche,14,,-0.159,,A,,,,,,,
DATAFLOW,OECD:DF_S4J2022(1.0),Besoins de compétences par pays,I,BEL,Belgique,01,,0.13,,A,,,,,,,
DATAFLOW,OECD:DF_S4J2022(1.0),Besoins de compétences par pays,I,BEL,Belgique,02,,-0.582,,A,,,,,,,
DATAFLOW,OECD:DF_S4J2022(1.0),Besoins de compétences par pays,I,BEL,Belgique,03,,-0.573,,A,,,,,,,
DATAFLOW,OECD:DF_S4J2022(1.0),Besoins de compétences par pays,I,BEL,Belgique,04,,0.152,,A,,,,,,,
DATAFLOW,OECD:DF_S4J2022(1.0),Besoins de compétences par pays,I,BEL,Belgique,05,,-0.108,,A,,,,,,,
DATAFLOW,OECD:DF_S4J2022(1.0),Besoins de compétences par pays,I,BEL,Belgique,06,,0.106,,A,,,,,,,
DATAFLOW,OECD:DF_S4J2022(1.0),Besoins de compétences par pays,I,BEL,Belgique,07,,0.128,,A,,,,,,,
DATAFLOW,OECD:DF_S4J2022(1.0),Besoins de compétences par pays,I,BEL,Belgique,08,,0.702,,A,,,,,,,
DATAFLOW,OECD:DF_S4J2022(1.0),Besoins de compétences par pays,I,BEL,Belgique,09,,-0.705,,A,,,,,,,
DATAFLOW,OECD:DF_S4J2022(1.0),Besoins de compétences par pays,I,BEL,Belgique,10,,-0.582,,A,,,,,,,
DATAFLOW,OECD:DF_S4J2022(1.0),Besoins de compétences par pays,I,BEL,Belgique,12,,0.078,,A,,,,,,,
DATAFLOW,OECD:DF_S4J2022(1.0),Besoins de compétences par pays,I,BEL,Belgique,13,,0.093,,A,,,,,,,
DATAFLOW,OECD:DF_S4J2022(1.0),Besoins de compétences par pays,I,BEL,Belgique,14,,0.253,,A,,,,,,,
DATAFLOW,OECD:DF_S4J2022(1.0),Besoins de compétences par pays,I,CAN,Canada,01,,-0.091,,A,,,,,,,
DATAFLOW,OECD:DF_S4J2022(1.0),Besoins de compétences par pays,I,CAN,Canada,02,,0.035,,A,,,,,,,
DATAFLOW,OECD:DF_S4J2022(1.0),Besoins de compétences par pays,I,CAN,Canada,03,,0.039,,A,,,,,,,
DATAFLOW,OECD:DF_S4J2022(1.0),Besoins de compétences par pays,I,CAN,Canada,04,,0.025,,A,,,,,,,
DATAFLOW,OECD:DF_S4J2022(1.0),Besoins de compétences par pays,I,CAN,Canada,05,,-0.003,,A,,,,,,,
DATAFLOW,OECD:DF_S4J2022(1.0),Besoins de compétences par pays,I,CAN,Canada,06,,-0.156,,A,,,,,,,
DATAFLOW,OECD:DF_S4J2022(1.0),Besoins de compétences par pays,I,CAN,Canada,07,,-0.244,,A,,,,,,,
DATAFLOW,OECD:DF_S4J2022(1.0),Besoins de compétences par pays,I,CAN,Canada,08,,0.67,,A,,,,,,,
DATAFLOW,OECD:DF_S4J2022(1.0),Besoins de compétences par pays,I,CAN,Canada,09,,-0.185,,A,,,,,,,
DATAFLOW,OECD:DF_S4J2022(1.0),Besoins de compétences par pays,I,CAN,Canada,10,,-0.369,,A,,,,,,,
DATAFLOW,OECD:DF_S4J2022(1.0),Besoins de compétences par pays,I,CAN,Canada,11,,0.011,,A,,,,,,,
DATAFLOW,OECD:DF_S4J2022(1.0),Besoins de compétences par pays,I,CAN,Canada,12,,-0.035,,A,,,,,,,
DATAFLOW,OECD:DF_S4J2022(1.0),Besoins de compétences par pays,I,CAN,Canada,13,,-0.13,,A,,,,,,,
DATAFLOW,OECD:DF_S4J2022(1.0),Besoins de compétences par pays,I,CAN,Canada,14,,0.459,,A,,,,,,,
DATAFLOW,OECD:DF_S4J2022(1.0),Besoins de compétences par pays,I,CZE,Tchéquie,01,,0.038,,A,,,,,,,
DATAFLOW,OECD:DF_S4J2022(1.0),Besoins de compétences par pays,I,CZE,Tchéquie,02,,0.067,,A,,,,,,,
DATAFLOW,OECD:DF_S4J2022(1.0),Besoins de compétences par pays,I,CZE,Tchéquie,03,,-0.083,,A,,,,,,,
DATAFLOW,OECD:DF_S4J2022(1.0),Besoins de compétences par pays,I,CZE,Tchéquie,04,,0.069,,A,,,,,,,
DATAFLOW,OECD:DF_S4J2022(1.0),Besoins de compétences par pays,I,CZE,Tchéquie,05,,-0.069,,A,,,,,,,
DATAFLOW,OECD:DF_S4J2022(1.0),Besoins de compétences par pays,I,CZE,Tchéquie,06,,0.006,,A,,,,,,,
DATAFLOW,OECD:DF_S4J2022(1.0),Besoins de compétences par pays,I,CZE,Tchéquie,07,,0.027,,A,,,,,,,
DATAFLOW,OECD:DF_S4J2022(1.0),Besoins de compétences par pays,I,CZE,Tchéquie,08,,-0.207,,A,,,,,,,
DATAFLOW,OECD:DF_S4J2022(1.0),Besoins de compétences par pays,I,CZE,Tchéquie,09,,0.039,,A,,,,,,,
DATAFLOW,OECD:DF_S4J2022(1.0),Besoins de compétences par pays,I,CZE,Tchéquie,10,,-0.057,,A,,,,,,,
DATAFLOW,OECD:DF_S4J2022(1.0),Besoins de compétences par pays,I,CZE,Tchéquie,11,,0.026,,A,,,,,,,
DATAFLOW,OECD:DF_S4J2022(1.0),Besoins de compétences par pays,I,CZE,Tchéquie,12,,-0.059,,A,,,,,,,
DATAFLOW,OECD:DF_S4J2022(1.0),Besoins de compétences par pays,I,CZE,Tchéquie,13,,-0.084,,A,,,,,,,
DATAFLOW,OECD:DF_S4J2022(1.0),Besoins de compétences par pays,I,CZE,Tchéquie,14,,0.014,,A,,,,,,,
DATAFLOW,OECD:DF_S4J2022(1.0),Besoins de compétences par pays,I,DNK,Danemark,01,,0.016,,A,,,,,,,
DATAFLOW,OECD:DF_S4J2022(1.0),Besoins de compétences par pays,I,DNK,Danemark,02,,-0.109,,A,,,,,,,
DATAFLOW,OECD:DF_S4J2022(1.0),Besoins de compétences par pays,I,DNK,Danemark,03,,-0.511,,A,,,,,,,
DATAFLOW,OECD:DF_S4J2022(1.0),Besoins de compétences par pays,I,DNK,Danemark,04,,0.284,,A,,,,,,,
DATAFLOW,OECD:DF_S4J2022(1.0),Besoins de compétences par pays,I,DNK,Danemark,05,,0.023,,A,,,,,,,
DATAFLOW,OECD:DF_S4J2022(1.0),Besoins de compétences par pays,I,DNK,Danemark,06,,0.244,,A,,,,,,,
DATAFLOW,OECD:DF_S4J2022(1.0),Besoins de compétences par pays,I,DNK,Danemark,07,,0.099,,A,,,,,,,
DATAFLOW,OECD:DF_S4J2022(1.0),Besoins de compétences par pays,I,DNK,Danemark,08,,0.632,,A,,,,,,,
DATAFLOW,OECD:DF_S4J2022(1.0),Besoins de compétences par pays,I,DNK,Danemark,09,,0.008,,A,,,,,,,
DATAFLOW,OECD:DF_S4J2022(1.0),Besoins de compétences par pays,I,DNK,Danemark,10,,0.023,,A,,,,,,,
DATAFLOW,OECD:DF_S4J2022(1.0),Besoins de compétences par pays,I,DNK,Danemark,11,,0.003,,A,,,,,,,
DATAFLOW,OECD:DF_S4J2022(1.0),Besoins de compétences par pays,I,DNK,Danemark,12,,0.399,,A,,,,,,,
DATAFLOW,OECD:DF_S4J2022(1.0),Besoins de compétences par pays,I,DNK,Danemark,13,,0.179,,A,,,,,,,
DATAFLOW,OECD:DF_S4J2022(1.0),Besoins de compétences par pays,I,DNK,Danemark,14,,0.524,,A,,,,,,,
DATAFLOW,OECD:DF_S4J2022(1.0),Besoins de compétences par pays,I,FIN,Finlande,01,,0.054,,A,,,,,,,
DATAFLOW,OECD:DF_S4J2022(1.0),Besoins de compétences par pays,I,FIN,Finlande,02,,-0.267,,A,,,,,,,
DATAFLOW,OECD:DF_S4J2022(1.0),Besoins de compétences par pays,I,FIN,Finlande,03,,-0.535,,A,,,,,,,
DATAFLOW,OECD:DF_S4J2022(1.0),Besoins de compétences par pays,I,FIN,Finlande,04,,0.154,,A,,,,,,,
DATAFLOW,OECD:DF_S4J2022(1.0),Besoins de compétences par pays,I,FIN,Finlande,05,,-0.119,,A,,,,,,,
DATAFLOW,OECD:DF_S4J2022(1.0),Besoins de compétences par pays,I,FIN,Finlande,06,,0.347,,A,,,,,,,
DATAFLOW,OECD:DF_S4J2022(1.0),Besoins de compétences par pays,I,FIN,Finlande,07,,0.087,,A,,,,,,,
DATAFLOW,OECD:DF_S4J2022(1.0),Besoins de compétences par pays,I,FIN,Finlande,08,,0.432,,A,,,,,,,
DATAFLOW,OECD:DF_S4J2022(1.0),Besoins de compétences par pays,I,FIN,Finlande,09,,-0.451,,A,,,,,,,
DATAFLOW,OECD:DF_S4J2022(1.0),Besoins de compétences par pays,I,FIN,Finlande,10,,-0.209,,A,,,,,,,
DATAFLOW,OECD:DF_S4J2022(1.0),Besoins de compétences par pays,I,FIN,Finlande,11,,-0.257,,A,,,,,,,
DATAFLOW,OECD:DF_S4J2022(1.0),Besoins de compétences par pays,I,FIN,Finlande,12,,0.487,,A,,,,,,,
DATAFLOW,OECD:DF_S4J2022(1.0),Besoins de compétences par pays,I,FIN,Finlande,13,,-0.079,,A,,,,,,,
DATAFLOW,OECD:DF_S4J2022(1.0),Besoins de compétences par pays,I,FIN,Finlande,14,,0.173,,A,,,,,,,
DATAFLOW,OECD:DF_S4J2022(1.0),Besoins de compétences par pays,I,FRA,France,01,,-0.131,,A,,,,,,,
DATAFLOW,OECD:DF_S4J2022(1.0),Besoins de compétences par pays,I,FRA,France,02,,-0.265,,A,,,,,,,
DATAFLOW,OECD:DF_S4J2022(1.0),Besoins de compétences par pays,I,FRA,France,03,,-0.412,,A,,,,,,,
DATAFLOW,OECD:DF_S4J2022(1.0),Besoins de compétences par pays,I,FRA,France,04,,-0.008,,A,,,,,,,
DATAFLOW,OECD:DF_S4J2022(1.0),Besoins de compétences par pays,I,FRA,France,05,,-0.255,,A,,,,,,,
DATAFLOW,OECD:DF_S4J2022(1.0),Besoins de compétences par pays,I,FRA,France,06,,-0.15,,A,,,,,,,
DATAFLOW,OECD:DF_S4J2022(1.0),Besoins de compétences par pays,I,FRA,France,07,,-0.158,,A,,,,,,,
DATAFLOW,OECD:DF_S4J2022(1.0),Besoins de compétences par pays,I,FRA,France,08,,0.353,,A,,,,,,,
DATAFLOW,OECD:DF_S4J2022(1.0),Besoins de compétences par pays,I,FRA,France,09,,-0.432,,A,,,,,,,
DATAFLOW,OECD:DF_S4J2022(1.0),Besoins de compétences par pays,I,FRA,France,10,,-0.143,,A,,,,,,,
DATAFLOW,OECD:DF_S4J2022(1.0),Besoins de compétences par pays,I,FRA,France,11,,-0.347,,A,,,,,,,
DATAFLOW,OECD:DF_S4J2022(1.0),Besoins de compétences par pays,I,FRA,France,12,,0.151,,A,,,,,,,
DATAFLOW,OECD:DF_S4J2022(1.0),Besoins de compétences par pays,I,FRA,France,13,,-0.413,,A,,,,,,,
DATAFLOW,OECD:DF_S4J2022(1.0),Besoins de compétences par pays,I,FRA,France,14,,0.341,,A,,,,,,,
DATAFLOW,OECD:DF_S4J2022(1.0),Besoins de compétences par pays,I,DEU,Allemagne,01,,0.111,,A,,,,,,,
DATAFLOW,OECD:DF_S4J2022(1.0),Besoins de compétences par pays,I,DEU,Allemagne,02,,-0.004,,A,,,,,,,
DATAFLOW,OECD:DF_S4J2022(1.0),Besoins de compétences par pays,I,DEU,Allemagne,03,,-0.018,,A,,,,,,,
DATAFLOW,OECD:DF_S4J2022(1.0),Besoins de compétences par pays,I,DEU,Allemagne,04,,0.095,,A,,,,,,,
DATAFLOW,OECD:DF_S4J2022(1.0),Besoins de compétences par pays,I,DEU,Allemagne,05,,0.057,,A,,,,,,,
DATAFLOW,OECD:DF_S4J2022(1.0),Besoins de compétences par pays,I,DEU,Allemagne,06,,0.171,,A,,,,,,,
DATAFLOW,OECD:DF_S4J2022(1.0),Besoins de compétences par pays,I,DEU,Allemagne,07,,0.11,,A,,,,,,,
DATAFLOW,OECD:DF_S4J2022(1.0),Besoins de compétences par pays,I,DEU,Allemagne,08,,-0.031,,A,,,,,,,
DATAFLOW,OECD:DF_S4J2022(1.0),Besoins de compétences par pays,I,DEU,Allemagne,09,,-0.179,,A,,,,,,,
DATAFLOW,OECD:DF_S4J2022(1.0),Besoins de compétences par pays,I,DEU,Allemagne,10,,0.002,,A,,,,,,,
DATAFLOW,OECD:DF_S4J2022(1.0),Besoins de compétences par pays,I,DEU,Allemagne,11,,-0.019,,A,,,,,,,
DATAFLOW,OECD:DF_S4J2022(1.0),Besoins de compétences par pays,I,DEU,Allemagne,12,,0.119,,A,,,,,,,
DATAFLOW,OECD:DF_S4J2022(1.0),Besoins de compétences par pays,I,DEU,Allemagne,13,,0.076,,A,,,,,,,
DATAFLOW,OECD:DF_S4J2022(1.0),Besoins de compétences par pays,I,DEU,Allemagne,14,,0.241,,A,,,,,,,
DATAFLOW,OECD:DF_S4J2022(1.0),Besoins de compétences par pays,I,GRC,Grèce,01,,-0.284,,A,,,,,,,
DATAFLOW,OECD:DF_S4J2022(1.0),Besoins de compétences par pays,I,GRC,Grèce,03,,-0.477,,A,,,,,,,
DATAFLOW,OECD:DF_S4J2022(1.0),Besoins de compétences par pays,I,GRC,Grèce,04,,0.036,,A,,,,,,,
DATAFLOW,OECD:DF_S4J2022(1.0),Besoins de compétences par pays,I,GRC,Grèce,05,,-0.265,,A,,,,,,,
DATAFLOW,OECD:DF_S4J2022(1.0),Besoins de compétences par pays,I,GRC,Grèce,06,,-0.064,,A,,,,,,,
DATAFLOW,OECD:DF_S4J2022(1.0),Besoins de compétences par pays,I,GRC,Grèce,07,,0.038,,A,,,,,,,
DATAFLOW,OECD:DF_S4J2022(1.0),Besoins de compétences par pays,I,GRC,Grèce,08,,0.143,,A,,,,,,,
DATAFLOW,OECD:DF_S4J2022(1.0),Besoins de compétences par pays,I,GRC,Grèce,09,,-0.29,,A,,,,,,,
DATAFLOW,OECD:DF_S4J2022(1.0),Besoins de compétences par pays,I,GRC,Grèce,10,,-0.515,,A,,,,,,,
DATAFLOW,OECD:DF_S4J2022(1.0),Besoins de compétences par pays,I,GRC,Grèce,11,,-0.326,,A,,,,,,,
DATAFLOW,OECD:DF_S4J2022(1.0),Besoins de compétences par pays,I,GRC,Grèce,12,,-0.104,,A,,,,,,,
DATAFLOW,OECD:DF_S4J2022(1.0),Besoins de compétences par pays,I,GRC,Grèce,13,,-0.209,,A,,,,,,,
DATAFLOW,OECD:DF_S4J2022(1.0),Besoins de compétences par pays,I,GRC,Grèce,14,,0.21,,A,,,,,,,
DATAFLOW,OECD:DF_S4J2022(1.0),Besoins de compétences par pays,I,HUN,Hongrie,01,,0.06,,A,,,,,,,
DATAFLOW,OECD:DF_S4J2022(1.0),Besoins de compétences par pays,I,HUN,Hongrie,02,,-0.447,,A,,,,,,,
DATAFLOW,OECD:DF_S4J2022(1.0),Besoins de compétences par pays,I,HUN,Hongrie,03,,-0.306,,A,,,,,,,
DATAFLOW,OECD:DF_S4J2022(1.0),Besoins de compétences par pays,I,HUN,Hongrie,04,,-0.122,,A,,,,,,,
DATAFLOW,OECD:DF_S4J2022(1.0),Besoins de compétences par pays,I,HUN,Hongrie,05,,-0.202,,A,,,,,,,
DATAFLOW,OECD:DF_S4J2022(1.0),Besoins de compétences par pays,I,HUN,Hongrie,06,,0.271,,A,,,,,,,
DATAFLOW,OECD:DF_S4J2022(1.0),Besoins de compétences par pays,I,HUN,Hongrie,07,,0.026,,A,,,,,,,
DATAFLOW,OECD:DF_S4J2022(1.0),Besoins de compétences par pays,I,HUN,Hongrie,08,,-0.096,,A,,,,,,,
DATAFLOW,OECD:DF_S4J2022(1.0),Besoins de compétences par pays,I,GRC,Grèce,02,,-0.465,,A,,,,,,,
DATAFLOW,OECD:DF_S4J2022(1.0),Besoins de compétences par pays,I,HUN,Hongrie,09,,-0.479,,A,,,,,,,
DATAFLOW,OECD:DF_S4J2022(1.0),Besoins de compétences par pays,I,HUN,Hongrie,10,,-0.138,,A,,,,,,,
DATAFLOW,OECD:DF_S4J2022(1.0),Besoins de compétences par pays,I,HUN,Hongrie,11,,-0.242,,A,,,,,,,
DATAFLOW,OECD:DF_S4J2022(1.0),Besoins de compétences par pays,I,HUN,Hongrie,12,,0.229,,A,,,,,,,
DATAFLOW,OECD:DF_S4J2022(1.0),Besoins de compétences par pays,I,HUN,Hongrie,13,,-0.105,,A,,,,,,,
DATAFLOW,OECD:DF_S4J2022(1.0),Besoins de compétences par pays,I,HUN,Hongrie,14,,-0.221,,A,,,,,,,
DATAFLOW,OECD:DF_S4J2022(1.0),Besoins de compétences par pays,I,ISL,Islande,01,,-0.035,,A,,,,,,,
DATAFLOW,OECD:DF_S4J2022(1.0),Besoins de compétences par pays,I,ISL,Islande,02,,-0.206,,A,,,,,,,
DATAFLOW,OECD:DF_S4J2022(1.0),Besoins de compétences par pays,I,ISL,Islande,03,,-0.239,,A,,,,,,,
DATAFLOW,OECD:DF_S4J2022(1.0),Besoins de compétences par pays,I,ISL,Islande,04,,0.095,,A,,,,,,,
DATAFLOW,OECD:DF_S4J2022(1.0),Besoins de compétences par pays,I,ISL,Islande,05,,-0.082,,A,,,,,,,
DATAFLOW,OECD:DF_S4J2022(1.0),Besoins de compétences par pays,I,ISL,Islande,06,,0.111,,A,,,,,,,
DATAFLOW,OECD:DF_S4J2022(1.0),Besoins de compétences par pays,I,ISL,Islande,07,,0.137,,A,,,,,,,
DATAFLOW,OECD:DF_S4J2022(1.0),Besoins de compétences par pays,I,ISL,Islande,08,,0.024,,A,,,,,,,
DATAFLOW,OECD:DF_S4J2022(1.0),Besoins de compétences par pays,I,ISL,Islande,09,,-0.381,,A,,,,,,,
DATAFLOW,OECD:DF_S4J2022(1.0),Besoins de compétences par pays,I,ISL,Islande,10,,-0.042,,A,,,,,,,
DATAFLOW,OECD:DF_S4J2022(1.0),Besoins de compétences par pays,I,ISL,Islande,11,,0.025,,A,,,,,,,
DATAFLOW,OECD:DF_S4J2022(1.0),Besoins de compétences par pays,I,ISL,Islande,12,,0.089,,A,,,,,,,
DATAFLOW,OECD:DF_S4J2022(1.0),Besoins de compétences par pays,I,ISL,Islande,13,,0.159,,A,,,,,,,
DATAFLOW,OECD:DF_S4J2022(1.0),Besoins de compétences par pays,I,ISL,Islande,14,,-0.14,,A,,,,,,,
DATAFLOW,OECD:DF_S4J2022(1.0),Besoins de compétences par pays,I,IRL,Irlande,01,,-0.063,,A,,,,,,,
DATAFLOW,OECD:DF_S4J2022(1.0),Besoins de compétences par pays,I,IRL,Irlande,02,,-0.194,,A,,,,,,,
DATAFLOW,OECD:DF_S4J2022(1.0),Besoins de compétences par pays,I,IRL,Irlande,03,,-0.695,,A,,,,,,,
DATAFLOW,OECD:DF_S4J2022(1.0),Besoins de compétences par pays,I,IRL,Irlande,04,,0.056,,A,,,,,,,
DATAFLOW,OECD:DF_S4J2022(1.0),Besoins de compétences par pays,I,IRL,Irlande,05,,-0.179,,A,,,,,,,
DATAFLOW,OECD:DF_S4J2022(1.0),Besoins de compétences par pays,I,IRL,Irlande,06,,0.054,,A,,,,,,,
DATAFLOW,OECD:DF_S4J2022(1.0),Besoins de compétences par pays,I,IRL,Irlande,07,,0.075,,A,,,,,,,
DATAFLOW,OECD:DF_S4J2022(1.0),Besoins de compétences par pays,I,IRL,Irlande,08,,0.467,,A,,,,,,,
DATAFLOW,OECD:DF_S4J2022(1.0),Besoins de compétences par pays,I,IRL,Irlande,09,,-0.309,,A,,,,,,,
DATAFLOW,OECD:DF_S4J2022(1.0),Besoins de compétences par pays,I,IRL,Irlande,10,,-0.001,,A,,,,,,,
DATAFLOW,OECD:DF_S4J2022(1.0),Besoins de compétences par pays,I,IRL,Irlande,11,,-0.439,,A,,,,,,,
DATAFLOW,OECD:DF_S4J2022(1.0),Besoins de compétences par pays,I,IRL,Irlande,12,,0.224,,A,,,,,,,
DATAFLOW,OECD:DF_S4J2022(1.0),Besoins de compétences par pays,I,IRL,Irlande,13,,-0.159,,A,,,,,,,
DATAFLOW,OECD:DF_S4J2022(1.0),Besoins de compétences par pays,I,IRL,Irlande,14,,0.449,,A,,,,,,,
DATAFLOW,OECD:DF_S4J2022(1.0),Besoins de compétences par pays,I,ITA,Italie,01,,-0.123,,A,,,,,,,
DATAFLOW,OECD:DF_S4J2022(1.0),Besoins de compétences par pays,I,ITA,Italie,02,,-0.572,,A,,,,,,,
DATAFLOW,OECD:DF_S4J2022(1.0),Besoins de compétences par pays,I,ITA,Italie,03,,-0.779,,A,,,,,,,
DATAFLOW,OECD:DF_S4J2022(1.0),Besoins de compétences par pays,I,ITA,Italie,04,,0.153,,A,,,,,,,
DATAFLOW,OECD:DF_S4J2022(1.0),Besoins de compétences par pays,I,ITA,Italie,05,,-0.554,,A,,,,,,,
DATAFLOW,OECD:DF_S4J2022(1.0),Besoins de compétences par pays,I,ITA,Italie,06,,-0.001,,A,,,,,,,
DATAFLOW,OECD:DF_S4J2022(1.0),Besoins de compétences par pays,I,ITA,Italie,07,,-0.315,,A,,,,,,,
DATAFLOW,OECD:DF_S4J2022(1.0),Besoins de compétences par pays,I,ITA,Italie,08,,-0.322,,A,,,,,,,
DATAFLOW,OECD:DF_S4J2022(1.0),Besoins de compétences par pays,I,ITA,Italie,09,,-0.357,,A,,,,,,,
DATAFLOW,OECD:DF_S4J2022(1.0),Besoins de compétences par pays,I,ITA,Italie,10,,-0.337,,A,,,,,,,
DATAFLOW,OECD:DF_S4J2022(1.0),Besoins de compétences par pays,I,ITA,Italie,11,,-0.759,,A,,,,,,,
DATAFLOW,OECD:DF_S4J2022(1.0),Besoins de compétences par pays,I,ITA,Italie,12,,-0.03,,A,,,,,,,
DATAFLOW,OECD:DF_S4J2022(1.0),Besoins de compétences par pays,I,ITA,Italie,13,,-0.458,,A,,,,,,,
DATAFLOW,OECD:DF_S4J2022(1.0),Besoins de compétences par pays,I,ITA,Italie,14,,0.659,,A,,,,,,,
DATAFLOW,OECD:DF_S4J2022(1.0),Besoins de compétences par pays,I,KOR,Corée,01,,-0.255,,A,,,,,,,
DATAFLOW,OECD:DF_S4J2022(1.0),Besoins de compétences par pays,I,KOR,Corée,02,,-0.265,,A,,,,,,,
DATAFLOW,OECD:DF_S4J2022(1.0),Besoins de compétences par pays,I,KOR,Corée,03,,-0.686,,A,,,,,,,
DATAFLOW,OECD:DF_S4J2022(1.0),Besoins de compétences par pays,I,KOR,Corée,04,,-0.032,,A,,,,,,,
DATAFLOW,OECD:DF_S4J2022(1.0),Besoins de compétences par pays,I,KOR,Corée,05,,-0.22,,A,,,,,,,
DATAFLOW,OECD:DF_S4J2022(1.0),Besoins de compétences par pays,I,KOR,Corée,06,,-0.055,,A,,,,,,,
DATAFLOW,OECD:DF_S4J2022(1.0),Besoins de compétences par pays,I,KOR,Corée,07,,-0.103,,A,,,,,,,
DATAFLOW,OECD:DF_S4J2022(1.0),Besoins de compétences par pays,I,KOR,Corée,08,,0.241,,A,,,,,,,
DATAFLOW,OECD:DF_S4J2022(1.0),Besoins de compétences par pays,I,KOR,Corée,09,,-0.015,,A,,,,,,,
DATAFLOW,OECD:DF_S4J2022(1.0),Besoins de compétences par pays,I,KOR,Corée,10,,0.092,,A,,,,,,,
DATAFLOW,OECD:DF_S4J2022(1.0),Besoins de compétences par pays,I,KOR,Corée,11,,-0.382,,A,,,,,,,
DATAFLOW,OECD:DF_S4J2022(1.0),Besoins de compétences par pays,I,KOR,Corée,12,,0.372,,A,,,,,,,
DATAFLOW,OECD:DF_S4J2022(1.0),Besoins de compétences par pays,I,KOR,Corée,13,,-0.395,,A,,,,,,,
DATAFLOW,OECD:DF_S4J2022(1.0),Besoins de compétences par pays,I,KOR,Corée,14,,0.292,,A,,,,,,,
DATAFLOW,OECD:DF_S4J2022(1.0),Besoins de compétences par pays,I,LUX,Luxembourg,01,,0.089,,A,,,,,,,
DATAFLOW,OECD:DF_S4J2022(1.0),Besoins de compétences par pays,I,LUX,Luxembourg,02,,-0.119,,A,,,,,,,
DATAFLOW,OECD:DF_S4J2022(1.0),Besoins de compétences par pays,I,LUX,Luxembourg,03,,-0.124,,A,,,,,,,
DATAFLOW,OECD:DF_S4J2022(1.0),Besoins de compétences par pays,I,LUX,Luxembourg,04,,0.086,,A,,,,,,,
DATAFLOW,OECD:DF_S4J2022(1.0),Besoins de compétences par pays,I,LUX,Luxembourg,05,,0.07,,A,,,,,,,
DATAFLOW,OECD:DF_S4J2022(1.0),Besoins de compétences par pays,I,LUX,Luxembourg,06,,-0.088,,A,,,,,,,
DATAFLOW,OECD:DF_S4J2022(1.0),Besoins de compétences par pays,I,LUX,Luxembourg,07,,0.143,,A,,,,,,,
DATAFLOW,OECD:DF_S4J2022(1.0),Besoins de compétences par pays,I,LUX,Luxembourg,08,,0.125,,A,,,,,,,
DATAFLOW,OECD:DF_S4J2022(1.0),Besoins de compétences par pays,I,LUX,Luxembourg,09,,0.007,,A,,,,,,,
DATAFLOW,OECD:DF_S4J2022(1.0),Besoins de compétences par pays,I,LUX,Luxembourg,10,,-0.308,,A,,,,,,,
DATAFLOW,OECD:DF_S4J2022(1.0),Besoins de compétences par pays,I,LUX,Luxembourg,11,,0.007,,A,,,,,,,
DATAFLOW,OECD:DF_S4J2022(1.0),Besoins de compétences par pays,I,LUX,Luxembourg,12,,-0.09,,A,,,,,,,
DATAFLOW,OECD:DF_S4J2022(1.0),Besoins de compétences par pays,I,LUX,Luxembourg,13,,0.05,,A,,,,,,,
DATAFLOW,OECD:DF_S4J2022(1.0),Besoins de compétences par pays,I,LUX,Luxembourg,14,,0.261,,A,,,,,,,
DATAFLOW,OECD:DF_S4J2022(1.0),Besoins de compétences par pays,I,MEX,Mexique,01,,-0.319,,A,,,,,,,
DATAFLOW,OECD:DF_S4J2022(1.0),Besoins de compétences par pays,I,MEX,Mexique,02,,0.001,,A,,,,,,,
DATAFLOW,OECD:DF_S4J2022(1.0),Besoins de compétences par pays,I,MEX,Mexique,03,,-0.158,,A,,,,,,,
DATAFLOW,OECD:DF_S4J2022(1.0),Besoins de compétences par pays,I,MEX,Mexique,04,,-0.234,,A,,,,,,,
DATAFLOW,OECD:DF_S4J2022(1.0),Besoins de compétences par pays,I,MEX,Mexique,05,,-0.215,,A,,,,,,,
DATAFLOW,OECD:DF_S4J2022(1.0),Besoins de compétences par pays,I,MEX,Mexique,06,,-0.246,,A,,,,,,,
DATAFLOW,OECD:DF_S4J2022(1.0),Besoins de compétences par pays,I,MEX,Mexique,07,,-0.242,,A,,,,,,,
DATAFLOW,OECD:DF_S4J2022(1.0),Besoins de compétences par pays,I,MEX,Mexique,08,,-0.561,,A,,,,,,,
DATAFLOW,OECD:DF_S4J2022(1.0),Besoins de compétences par pays,I,MEX,Mexique,09,,0.418,,A,,,,,,,
DATAFLOW,OECD:DF_S4J2022(1.0),Besoins de compétences par pays,I,MEX,Mexique,10,,-0.048,,A,,,,,,,
DATAFLOW,OECD:DF_S4J2022(1.0),Besoins de compétences par pays,I,MEX,Mexique,11,,-0.071,,A,,,,,,,
DATAFLOW,OECD:DF_S4J2022(1.0),Besoins de compétences par pays,I,MEX,Mexique,12,,0.08,,A,,,,,,,
DATAFLOW,OECD:DF_S4J2022(1.0),Besoins de compétences par pays,I,MEX,Mexique,13,,-0.152,,A,,,,,,,
DATAFLOW,OECD:DF_S4J2022(1.0),Besoins de compétences par pays,I,MEX,Mexique,14,,-0.512,,A,,,,,,,
DATAFLOW,OECD:DF_S4J2022(1.0),Besoins de compétences par pays,I,NLD,Pays-Bas,01,,-0.181,,A,,,,,,,
DATAFLOW,OECD:DF_S4J2022(1.0),Besoins de compétences par pays,I,NLD,Pays-Bas,02,,-0.137,,A,,,,,,,
DATAFLOW,OECD:DF_S4J2022(1.0),Besoins de compétences par pays,I,NLD,Pays-Bas,03,,-0.454,,A,,,,,,,
DATAFLOW,OECD:DF_S4J2022(1.0),Besoins de compétences par pays,I,NLD,Pays-Bas,04,,-0.059,,A,,,,,,,
DATAFLOW,OECD:DF_S4J2022(1.0),Besoins de compétences par pays,I,NLD,Pays-Bas,05,,-0.168,,A,,,,,,,
DATAFLOW,OECD:DF_S4J2022(1.0),Besoins de compétences par pays,I,NLD,Pays-Bas,06,,-0.216,,A,,,,,,,
DATAFLOW,OECD:DF_S4J2022(1.0),Besoins de compétences par pays,I,NLD,Pays-Bas,07,,-0.061,,A,,,,,,,
DATAFLOW,OECD:DF_S4J2022(1.0),Besoins de compétences par pays,I,NLD,Pays-Bas,08,,0.1,,A,,,,,,,
DATAFLOW,OECD:DF_S4J2022(1.0),Besoins de compétences par pays,I,NLD,Pays-Bas,09,,-0.189,,A,,,,,,,
DATAFLOW,OECD:DF_S4J2022(1.0),Besoins de compétences par pays,I,NLD,Pays-Bas,10,,-0.266,,A,,,,,,,
DATAFLOW,OECD:DF_S4J2022(1.0),Besoins de compétences par pays,I,NLD,Pays-Bas,11,,-0.44,,A,,,,,,,
DATAFLOW,OECD:DF_S4J2022(1.0),Besoins de compétences par pays,I,NLD,Pays-Bas,12,,0.287,,A,,,,,,,
DATAFLOW,OECD:DF_S4J2022(1.0),Besoins de compétences par pays,I,NLD,Pays-Bas,13,,-0.264,,A,,,,,,,
DATAFLOW,OECD:DF_S4J2022(1.0),Besoins de compétences par pays,I,NLD,Pays-Bas,14,,0.839,,A,,,,,,,
DATAFLOW,OECD:DF_S4J2022(1.0),Besoins de compétences par pays,I,NZL,Nouvelle-Zélande,01,,-0.451,,A,,,,,,,
DATAFLOW,OECD:DF_S4J2022(1.0),Besoins de compétences par pays,I,NZL,Nouvelle-Zélande,02,,-0.126,,A,,,,,,,
DATAFLOW,OECD:DF_S4J2022(1.0),Besoins de compétences par pays,I,NZL,Nouvelle-Zélande,03,,-0.069,,A,,,,,,,
DATAFLOW,OECD:DF_S4J2022(1.0),Besoins de compétences par pays,I,NZL,Nouvelle-Zélande,04,,-0.096,,A,,,,,,,
DATAFLOW,OECD:DF_S4J2022(1.0),Besoins de compétences par pays,I,NZL,Nouvelle-Zélande,05,,-0.346,,A,,,,,,,
DATAFLOW,OECD:DF_S4J2022(1.0),Besoins de compétences par pays,I,NZL,Nouvelle-Zélande,06,,-0.21,,A,,,,,,,
DATAFLOW,OECD:DF_S4J2022(1.0),Besoins de compétences par pays,I,NZL,Nouvelle-Zélande,07,,-0.477,,A,,,,,,,
DATAFLOW,OECD:DF_S4J2022(1.0),Besoins de compétences par pays,I,NZL,Nouvelle-Zélande,08,,0.277,,A,,,,,,,
DATAFLOW,OECD:DF_S4J2022(1.0),Besoins de compétences par pays,I,NZL,Nouvelle-Zélande,09,,0.26,,A,,,,,,,
DATAFLOW,OECD:DF_S4J2022(1.0),Besoins de compétences par pays,I,NZL,Nouvelle-Zélande,10,,0.039,,A,,,,,,,
DATAFLOW,OECD:DF_S4J2022(1.0),Besoins de compétences par pays,I,NZL,Nouvelle-Zélande,11,,-0.597,,A,,,,,,,
DATAFLOW,OECD:DF_S4J2022(1.0),Besoins de compétences par pays,I,NZL,Nouvelle-Zélande,12,,-0.048,,A,,,,,,,
DATAFLOW,OECD:DF_S4J2022(1.0),Besoins de compétences par pays,I,NZL,Nouvelle-Zélande,13,,-0.58,,A,,,,,,,
DATAFLOW,OECD:DF_S4J2022(1.0),Besoins de compétences par pays,I,NZL,Nouvelle-Zélande,14,,0.18,,A,,,,,,,
DATAFLOW,OECD:DF_S4J2022(1.0),Besoins de compétences par pays,I,NOR,Norvège,01,,-0.288,,A,,,,,,,
DATAFLOW,OECD:DF_S4J2022(1.0),Besoins de compétences par pays,I,NOR,Norvège,02,,-0.354,,A,,,,,,,
DATAFLOW,OECD:DF_S4J2022(1.0),Besoins de compétences par pays,I,NOR,Norvège,03,,-0.297,,A,,,,,,,
DATAFLOW,OECD:DF_S4J2022(1.0),Besoins de compétences par pays,I,NOR,Norvège,04,,0.022,,A,,,,,,,
DATAFLOW,OECD:DF_S4J2022(1.0),Besoins de compétences par pays,I,NOR,Norvège,05,,0.062,,A,,,,,,,
DATAFLOW,OECD:DF_S4J2022(1.0),Besoins de compétences par pays,I,NOR,Norvège,06,,0.111,,A,,,,,,,
DATAFLOW,OECD:DF_S4J2022(1.0),Besoins de compétences par pays,I,NOR,Norvège,07,,-0.111,,A,,,,,,,
DATAFLOW,OECD:DF_S4J2022(1.0),Besoins de compétences par pays,I,NOR,Norvège,08,,0.555,,A,,,,,,,
DATAFLOW,OECD:DF_S4J2022(1.0),Besoins de compétences par pays,I,NOR,Norvège,09,,-0.318,,A,,,,,,,
DATAFLOW,OECD:DF_S4J2022(1.0),Besoins de compétences par pays,I,NOR,Norvège,10,,0.017,,A,,,,,,,
DATAFLOW,OECD:DF_S4J2022(1.0),Besoins de compétences par pays,I,NOR,Norvège,11,,0.059,,A,,,,,,,
DATAFLOW,OECD:DF_S4J2022(1.0),Besoins de compétences par pays,I,NOR,Norvège,12,,0.299,,A,,,,,,,
DATAFLOW,OECD:DF_S4J2022(1.0),Besoins de compétences par pays,I,NOR,Norvège,13,,-0.098,,A,,,,,,,
DATAFLOW,OECD:DF_S4J2022(1.0),Besoins de compétences par pays,I,NOR,Norvège,14,,0.033,,A,,,,,,,
DATAFLOW,OECD:DF_S4J2022(1.0),Besoins de compétences par pays,I,POL,Pologne,01,,-0.118,,A,,,,,,,
DATAFLOW,OECD:DF_S4J2022(1.0),Besoins de compétences par pays,I,POL,Pologne,02,,-0.119,,A,,,,,,,
DATAFLOW,OECD:DF_S4J2022(1.0),Besoins de compétences par pays,I,POL,Pologne,03,,-0.184,,A,,,,,,,
DATAFLOW,OECD:DF_S4J2022(1.0),Besoins de compétences par pays,I,POL,Pologne,04,,0.057,,A,,,,,,,
DATAFLOW,OECD:DF_S4J2022(1.0),Besoins de compétences par pays,I,POL,Pologne,05,,-0.137,,A,,,,,,,
DATAFLOW,OECD:DF_S4J2022(1.0),Besoins de compétences par pays,I,POL,Pologne,06,,0.139,,A,,,,,,,
DATAFLOW,OECD:DF_S4J2022(1.0),Besoins de compétences par pays,I,POL,Pologne,07,,-0.124,,A,,,,,,,
DATAFLOW,OECD:DF_S4J2022(1.0),Besoins de compétences par pays,I,POL,Pologne,08,,-0.142,,A,,,,,,,
DATAFLOW,OECD:DF_S4J2022(1.0),Besoins de compétences par pays,I,POL,Pologne,09,,-0.115,,A,,,,,,,
DATAFLOW,OECD:DF_S4J2022(1.0),Besoins de compétences par pays,I,POL,Pologne,10,,0.134,,A,,,,,,,
DATAFLOW,OECD:DF_S4J2022(1.0),Besoins de compétences par pays,I,POL,Pologne,11,,-0.141,,A,,,,,,,
DATAFLOW,OECD:DF_S4J2022(1.0),Besoins de compétences par pays,I,POL,Pologne,12,,0.203,,A,,,,,,,
DATAFLOW,OECD:DF_S4J2022(1.0),Besoins de compétences par pays,I,POL,Pologne,13,,-0.133,,A,,,,,,,
DATAFLOW,OECD:DF_S4J2022(1.0),Besoins de compétences par pays,I,POL,Pologne,14,,0.057,,A,,,,,,,
DATAFLOW,OECD:DF_S4J2022(1.0),Besoins de compétences par pays,I,PRT,Portugal,01,,-0.231,,A,,,,,,,
DATAFLOW,OECD:DF_S4J2022(1.0),Besoins de compétences par pays,I,PRT,Portugal,02,,-0.205,,A,,,,,,,
DATAFLOW,OECD:DF_S4J2022(1.0),Besoins de compétences par pays,I,PRT,Portugal,03,,-0.523,,A,,,,,,,
DATAFLOW,OECD:DF_S4J2022(1.0),Besoins de compétences par pays,I,PRT,Portugal,04,,-0.098,,A,,,,,,,
DATAFLOW,OECD:DF_S4J2022(1.0),Besoins de compétences par pays,I,PRT,Portugal,05,,-0.519,,A,,,,,,,
DATAFLOW,OECD:DF_S4J2022(1.0),Besoins de compétences par pays,I,PRT,Portugal,06,,-0.136,,A,,,,,,,
DATAFLOW,OECD:DF_S4J2022(1.0),Besoins de compétences par pays,I,PRT,Portugal,07,,-0.398,,A,,,,,,,
DATAFLOW,OECD:DF_S4J2022(1.0),Besoins de compétences par pays,I,PRT,Portugal,08,,0.201,,A,,,,,,,
DATAFLOW,OECD:DF_S4J2022(1.0),Besoins de compétences par pays,I,PRT,Portugal,09,,0.162,,A,,,,,,,
DATAFLOW,OECD:DF_S4J2022(1.0),Besoins de compétences par pays,I,PRT,Portugal,10,,-0.111,,A,,,,,,,
DATAFLOW,OECD:DF_S4J2022(1.0),Besoins de compétences par pays,I,PRT,Portugal,11,,-0.541,,A,,,,,,,
DATAFLOW,OECD:DF_S4J2022(1.0),Besoins de compétences par pays,I,PRT,Portugal,12,,0.005,,A,,,,,,,
DATAFLOW,OECD:DF_S4J2022(1.0),Besoins de compétences par pays,I,PRT,Portugal,13,,-0.344,,A,,,,,,,
DATAFLOW,OECD:DF_S4J2022(1.0),Besoins de compétences par pays,I,PRT,Portugal,14,,0.273,,A,,,,,,,
DATAFLOW,OECD:DF_S4J2022(1.0),Besoins de compétences par pays,I,SVK,République slovaque,01,,-0.063,,A,,,,,,,
DATAFLOW,OECD:DF_S4J2022(1.0),Besoins de compétences par pays,I,SVK,République slovaque,02,,-0.099,,A,,,,,,,
DATAFLOW,OECD:DF_S4J2022(1.0),Besoins de compétences par pays,I,SVK,République slovaque,03,,-0.063,,A,,,,,,,
DATAFLOW,OECD:DF_S4J2022(1.0),Besoins de compétences par pays,I,SVK,République slovaque,04,,0.035,,A,,,,,,,
DATAFLOW,OECD:DF_S4J2022(1.0),Besoins de compétences par pays,I,SVK,République slovaque,05,,0.015,,A,,,,,,,
DATAFLOW,OECD:DF_S4J2022(1.0),Besoins de compétences par pays,I,SVK,République slovaque,06,,0.058,,A,,,,,,,
DATAFLOW,OECD:DF_S4J2022(1.0),Besoins de compétences par pays,I,SVK,République slovaque,07,,0.144,,A,,,,,,,
DATAFLOW,OECD:DF_S4J2022(1.0),Besoins de compétences par pays,I,SVK,République slovaque,08,,0.04,,A,,,,,,,
DATAFLOW,OECD:DF_S4J2022(1.0),Besoins de compétences par pays,I,SVK,République slovaque,09,,-0.121,,A,,,,,,,
DATAFLOW,OECD:DF_S4J2022(1.0),Besoins de compétences par pays,I,SVK,République slovaque,10,,-0.074,,A,,,,,,,
DATAFLOW,OECD:DF_S4J2022(1.0),Besoins de compétences par pays,I,SVK,République slovaque,11,,-0.023,,A,,,,,,,
DATAFLOW,OECD:DF_S4J2022(1.0),Besoins de compétences par pays,I,SVK,République slovaque,12,,0.03,,A,,,,,,,
DATAFLOW,OECD:DF_S4J2022(1.0),Besoins de compétences par pays,I,SVK,République slovaque,13,,-0.019,,A,,,,,,,
DATAFLOW,OECD:DF_S4J2022(1.0),Besoins de compétences par pays,I,SVK,République slovaque,14,,-0.064,,A,,,,,,,
DATAFLOW,OECD:DF_S4J2022(1.0),Besoins de compétences par pays,I,ESP,Espagne,01,,-0.172,,A,,,,,,,
DATAFLOW,OECD:DF_S4J2022(1.0),Besoins de compétences par pays,I,ESP,Espagne,02,,-0.232,,A,,,,,,,
DATAFLOW,OECD:DF_S4J2022(1.0),Besoins de compétences par pays,I,ESP,Espagne,03,,-0.434,,A,,,,,,,
DATAFLOW,OECD:DF_S4J2022(1.0),Besoins de compétences par pays,I,ESP,Espagne,04,,0.036,,A,,,,,,,
DATAFLOW,OECD:DF_S4J2022(1.0),Besoins de compétences par pays,I,ESP,Espagne,05,,-0.088,,A,,,,,,,
DATAFLOW,OECD:DF_S4J2022(1.0),Besoins de compétences par pays,I,ESP,Espagne,06,,0.083,,A,,,,,,,
DATAFLOW,OECD:DF_S4J2022(1.0),Besoins de compétences par pays,I,ESP,Espagne,07,,0.005,,A,,,,,,,
DATAFLOW,OECD:DF_S4J2022(1.0),Besoins de compétences par pays,I,ESP,Espagne,08,,0.602,,A,,,,,,,
DATAFLOW,OECD:DF_S4J2022(1.0),Besoins de compétences par pays,I,ESP,Espagne,09,,-0.348,,A,,,,,,,
DATAFLOW,OECD:DF_S4J2022(1.0),Besoins de compétences par pays,I,ESP,Espagne,10,,-0.215,,A,,,,,,,
DATAFLOW,OECD:DF_S4J2022(1.0),Besoins de compétences par pays,I,ESP,Espagne,11,,-0.218,,A,,,,,,,
DATAFLOW,OECD:DF_S4J2022(1.0),Besoins de compétences par pays,I,ESP,Espagne,12,,0.258,,A,,,,,,,
DATAFLOW,OECD:DF_S4J2022(1.0),Besoins de compétences par pays,I,ESP,Espagne,13,,-0.108,,A,,,,,,,
DATAFLOW,OECD:DF_S4J2022(1.0),Besoins de compétences par pays,I,ESP,Espagne,14,,0.335,,A,,,,,,,
DATAFLOW,OECD:DF_S4J2022(1.0),Besoins de compétences par pays,I,SWE,Suède,01,,-0.048,,A,,,,,,,
DATAFLOW,OECD:DF_S4J2022(1.0),Besoins de compétences par pays,I,SWE,Suède,02,,-0.2,,A,,,,,,,
DATAFLOW,OECD:DF_S4J2022(1.0),Besoins de compétences par pays,I,SWE,Suède,03,,-0.292,,A,,,,,,,
DATAFLOW,OECD:DF_S4J2022(1.0),Besoins de compétences par pays,I,SWE,Suède,04,,0.168,,A,,,,,,,
DATAFLOW,OECD:DF_S4J2022(1.0),Besoins de compétences par pays,I,SWE,Suède,05,,-0.04,,A,,,,,,,
DATAFLOW,OECD:DF_S4J2022(1.0),Besoins de compétences par pays,I,SWE,Suède,06,,0.203,,A,,,,,,,
DATAFLOW,OECD:DF_S4J2022(1.0),Besoins de compétences par pays,I,SWE,Suède,07,,-0.018,,A,,,,,,,
DATAFLOW,OECD:DF_S4J2022(1.0),Besoins de compétences par pays,I,SWE,Suède,08,,0.262,,A,,,,,,,
DATAFLOW,OECD:DF_S4J2022(1.0),Besoins de compétences par pays,I,SWE,Suède,09,,-0.201,,A,,,,,,,
DATAFLOW,OECD:DF_S4J2022(1.0),Besoins de compétences par pays,I,SWE,Suède,10,,-0.219,,A,,,,,,,
DATAFLOW,OECD:DF_S4J2022(1.0),Besoins de compétences par pays,I,SWE,Suède,11,,-0.173,,A,,,,,,,
DATAFLOW,OECD:DF_S4J2022(1.0),Besoins de compétences par pays,I,SWE,Suède,12,,0.094,,A,,,,,,,
DATAFLOW,OECD:DF_S4J2022(1.0),Besoins de compétences par pays,I,SWE,Suède,13,,0.033,,A,,,,,,,
DATAFLOW,OECD:DF_S4J2022(1.0),Besoins de compétences par pays,I,SWE,Suède,14,,0.194,,A,,,,,,,
DATAFLOW,OECD:DF_S4J2022(1.0),Besoins de compétences par pays,I,CHE,Suisse,01,,-0.255,,A,,,,,,,
DATAFLOW,OECD:DF_S4J2022(1.0),Besoins de compétences par pays,I,CHE,Suisse,02,,-0.333,,A,,,,,,,
DATAFLOW,OECD:DF_S4J2022(1.0),Besoins de compétences par pays,I,CHE,Suisse,03,,-0.309,,A,,,,,,,
DATAFLOW,OECD:DF_S4J2022(1.0),Besoins de compétences par pays,I,CHE,Suisse,04,,-0.241,,A,,,,,,,
DATAFLOW,OECD:DF_S4J2022(1.0),Besoins de compétences par pays,I,TUR,Türkiye,10,,-0.368,,A,,,,,,,
DATAFLOW,OECD:DF_S4J2022(1.0),Besoins de compétences par pays,I,CHE,Suisse,05,,-0.173,,A,,,,,,,
DATAFLOW,OECD:DF_S4J2022(1.0),Besoins de compétences par pays,I,CHE,Suisse,06,,0.11,,A,,,,,,,
DATAFLOW,OECD:DF_S4J2022(1.0),Besoins de compétences par pays,I,CHE,Suisse,07,,0.086,,A,,,,,,,
DATAFLOW,OECD:DF_S4J2022(1.0),Besoins de compétences par pays,I,CHE,Suisse,08,,0.126,,A,,,,,,,
DATAFLOW,OECD:DF_S4J2022(1.0),Besoins de compétences par pays,I,CHE,Suisse,09,,-0.25,,A,,,,,,,
DATAFLOW,OECD:DF_S4J2022(1.0),Besoins de compétences par pays,I,CHE,Suisse,10,,-0.2,,A,,,,,,,
DATAFLOW,OECD:DF_S4J2022(1.0),Besoins de compétences par pays,I,CHE,Suisse,11,,-0.357,,A,,,,,,,
DATAFLOW,OECD:DF_S4J2022(1.0),Besoins de compétences par pays,I,CHE,Suisse,12,,0.078,,A,,,,,,,
DATAFLOW,OECD:DF_S4J2022(1.0),Besoins de compétences par pays,I,CHE,Suisse,13,,-0.253,,A,,,,,,,
DATAFLOW,OECD:DF_S4J2022(1.0),Besoins de compétences par pays,I,CHE,Suisse,14,,-0.596,,A,,,,,,,
DATAFLOW,OECD:DF_S4J2022(1.0),Besoins de compétences par pays,I,TUR,Türkiye,01,,-0.236,,A,,,,,,,
DATAFLOW,OECD:DF_S4J2022(1.0),Besoins de compétences par pays,I,TUR,Türkiye,02,,0.014,,A,,,,,,,
DATAFLOW,OECD:DF_S4J2022(1.0),Besoins de compétences par pays,I,TUR,Türkiye,03,,-0.551,,A,,,,,,,
DATAFLOW,OECD:DF_S4J2022(1.0),Besoins de compétences par pays,I,TUR,Türkiye,04,,-0.322,,A,,,,,,,
DATAFLOW,OECD:DF_S4J2022(1.0),Besoins de compétences par pays,I,TUR,Türkiye,05,,-0.363,,A,,,,,,,
DATAFLOW,OECD:DF_S4J2022(1.0),Besoins de compétences par pays,I,TUR,Türkiye,06,,-0.234,,A,,,,,,,
DATAFLOW,OECD:DF_S4J2022(1.0),Besoins de compétences par pays,I,TUR,Türkiye,07,,-0.013,,A,,,,,,,
DATAFLOW,OECD:DF_S4J2022(1.0),Besoins de compétences par pays,I,TUR,Türkiye,08,,0.169,,A,,,,,,,
DATAFLOW,OECD:DF_S4J2022(1.0),Besoins de compétences par pays,I,TUR,Türkiye,09,,0.232,,A,,,,,,,
DATAFLOW,OECD:DF_S4J2022(1.0),Besoins de compétences par pays,I,TUR,Türkiye,11,,-0.441,,A,,,,,,,
DATAFLOW,OECD:DF_S4J2022(1.0),Besoins de compétences par pays,I,TUR,Türkiye,12,,0.011,,A,,,,,,,
DATAFLOW,OECD:DF_S4J2022(1.0),Besoins de compétences par pays,I,TUR,Türkiye,13,,-0.281,,A,,,,,,,
DATAFLOW,OECD:DF_S4J2022(1.0),Besoins de compétences par pays,I,TUR,Türkiye,14,,0.062,,A,,,,,,,
DATAFLOW,OECD:DF_S4J2022(1.0),Besoins de compétences par pays,I,GBR,Royaume-Uni,01,,-0.096,,A,,,,,,,
DATAFLOW,OECD:DF_S4J2022(1.0),Besoins de compétences par pays,I,GBR,Royaume-Uni,02,,-0.14,,A,,,,,,,
DATAFLOW,OECD:DF_S4J2022(1.0),Besoins de compétences par pays,I,GBR,Royaume-Uni,03,,-0.504,,A,,,,,,,
DATAFLOW,OECD:DF_S4J2022(1.0),Besoins de compétences par pays,I,GBR,Royaume-Uni,04,,0.095,,A,,,,,,,
DATAFLOW,OECD:DF_S4J2022(1.0),Besoins de compétences par pays,I,GBR,Royaume-Uni,05,,0.009,,A,,,,,,,
DATAFLOW,OECD:DF_S4J2022(1.0),Besoins de compétences par pays,I,GBR,Royaume-Uni,06,,0.109,,A,,,,,,,
DATAFLOW,OECD:DF_S4J2022(1.0),Besoins de compétences par pays,I,GBR,Royaume-Uni,07,,0.169,,A,,,,,,,
DATAFLOW,OECD:DF_S4J2022(1.0),Besoins de compétences par pays,I,GBR,Royaume-Uni,08,,0.418,,A,,,,,,,
DATAFLOW,OECD:DF_S4J2022(1.0),Besoins de compétences par pays,I,GBR,Royaume-Uni,09,,-0.446,,A,,,,,,,
DATAFLOW,OECD:DF_S4J2022(1.0),Besoins de compétences par pays,I,GBR,Royaume-Uni,10,,0.028,,A,,,,,,,
DATAFLOW,OECD:DF_S4J2022(1.0),Besoins de compétences par pays,I,GBR,Royaume-Uni,11,,0.116,,A,,,,,,,
DATAFLOW,OECD:DF_S4J2022(1.0),Besoins de compétences par pays,I,GBR,Royaume-Uni,12,,0.273,,A,,,,,,,
DATAFLOW,OECD:DF_S4J2022(1.0),Besoins de compétences par pays,I,GBR,Royaume-Uni,13,,0.088,,A,,,,,,,
DATAFLOW,OECD:DF_S4J2022(1.0),Besoins de compétences par pays,I,GBR,Royaume-Uni,14,,0.501,,A,,,,,,,
DATAFLOW,OECD:DF_S4J2022(1.0),Besoins de compétences par pays,I,USA,États-Unis,01,,0.07,,A,,,,,,,
DATAFLOW,OECD:DF_S4J2022(1.0),Besoins de compétences par pays,I,USA,États-Unis,02,,0.204,,A,,,,,,,
DATAFLOW,OECD:DF_S4J2022(1.0),Besoins de compétences par pays,I,USA,États-Unis,03,,0.411,,A,,,,,,,
DATAFLOW,OECD:DF_S4J2022(1.0),Besoins de compétences par pays,I,USA,États-Unis,04,,0.077,,A,,,,,,,
DATAFLOW,OECD:DF_S4J2022(1.0),Besoins de compétences par pays,I,USA,États-Unis,05,,0.13,,A,,,,,,,
DATAFLOW,OECD:DF_S4J2022(1.0),Besoins de compétences par pays,I,USA,États-Unis,06,,-0.093,,A,,,,,,,
DATAFLOW,OECD:DF_S4J2022(1.0),Besoins de compétences par pays,I,USA,États-Unis,07,,-0.108,,A,,,,,,,
DATAFLOW,OECD:DF_S4J2022(1.0),Besoins de compétences par pays,I,USA,États-Unis,08,,0.361,,A,,,,,,,
DATAFLOW,OECD:DF_S4J2022(1.0),Besoins de compétences par pays,I,USA,États-Unis,09,,-0.088,,A,,,,,,,
DATAFLOW,OECD:DF_S4J2022(1.0),Besoins de compétences par pays,I,USA,États-Unis,10,,-0.242,,A,,,,,,,
DATAFLOW,OECD:DF_S4J2022(1.0),Besoins de compétences par pays,I,USA,États-Unis,11,,0.148,,A,,,,,,,
DATAFLOW,OECD:DF_S4J2022(1.0),Besoins de compétences par pays,I,USA,États-Unis,12,,-0.251,,A,,,,,,,
DATAFLOW,OECD:DF_S4J2022(1.0),Besoins de compétences par pays,I,USA,États-Unis,13,,-0.105,,A,,,,,,,
DATAFLOW,OECD:DF_S4J2022(1.0),Besoins de compétences par pays,I,USA,États-Unis,14,,0.27,,A,,,,,,,
DATAFLOW,OECD:DF_S4J2022(1.0),Besoins de compétences par pays,I,CHL,Chili,05,,0.001,,A,,,,,,,
DATAFLOW,OECD:DF_S4J2022(1.0),Besoins de compétences par pays,I,CHL,Chili,01,,0.066,,A,,,,,,,
DATAFLOW,OECD:DF_S4J2022(1.0),Besoins de compétences par pays,I,CHL,Chili,02,,-0.337,,A,,,,,,,
DATAFLOW,OECD:DF_S4J2022(1.0),Besoins de compétences par pays,I,CHL,Chili,03,,-0.133,,A,,,,,,,
DATAFLOW,OECD:DF_S4J2022(1.0),Besoins de compétences par pays,I,CHL,Chili,04,,0.131,,A,,,,,,,
DATAFLOW,OECD:DF_S4J2022(1.0),Besoins de compétences par pays,I,CHL,Chili,06,,0.066,,A,,,,,,,
DATAFLOW,OECD:DF_S4J2022(1.0),Besoins de compétences par pays,I,CHL,Chili,07,,-0.259,,A,,,,,,,
DATAFLOW,OECD:DF_S4J2022(1.0),Besoins de compétences par pays,I,CHL,Chili,08,,0.134,,A,,,,,,,
DATAFLOW,OECD:DF_S4J2022(1.0),Besoins de compétences par pays,I,CHL,Chili,09,,-0.58,,A,,,,,,,
DATAFLOW,OECD:DF_S4J2022(1.0),Besoins de compétences par pays,I,CHL,Chili,10,,-0.433,,A,,,,,,,
DATAFLOW,OECD:DF_S4J2022(1.0),Besoins de compétences par pays,I,CHL,Chili,11,,-0.003,,A,,,,,,,
DATAFLOW,OECD:DF_S4J2022(1.0),Besoins de compétences par pays,I,CHL,Chili,12,,0.137,,A,,,,,,,
DATAFLOW,OECD:DF_S4J2022(1.0),Besoins de compétences par pays,I,CHL,Chili,13,,-0.026,,A,,,,,,,
DATAFLOW,OECD:DF_S4J2022(1.0),Besoins de compétences par pays,I,CHL,Chili,14,,0.254,,A,,,,,,,
DATAFLOW,OECD:DF_S4J2022(1.0),Besoins de compétences par pays,I,EST,Estonie,01,,0.419,,A,,,,,,,
DATAFLOW,OECD:DF_S4J2022(1.0),Besoins de compétences par pays,I,EST,Estonie,02,,-0.235,,A,,,,,,,
DATAFLOW,OECD:DF_S4J2022(1.0),Besoins de compétences par pays,I,EST,Estonie,03,,0.068,,A,,,,,,,
DATAFLOW,OECD:DF_S4J2022(1.0),Besoins de compétences par pays,I,EST,Estonie,04,,0.131,,A,,,,,,,
DATAFLOW,OECD:DF_S4J2022(1.0),Besoins de compétences par pays,I,EST,Estonie,05,,0.108,,A,,,,,,,
DATAFLOW,OECD:DF_S4J2022(1.0),Besoins de compétences par pays,I,EST,Estonie,07,,0.164,,A,,,,,,,
DATAFLOW,OECD:DF_S4J2022(1.0),Besoins de compétences par pays,I,EST,Estonie,08,,-0.013,,A,,,,,,,
DATAFLOW,OECD:DF_S4J2022(1.0),Besoins de compétences par pays,I,EST,Estonie,09,,-0.652,,A,,,,,,,
DATAFLOW,OECD:DF_S4J2022(1.0),Besoins de compétences par pays,I,EST,Estonie,10,,-0.549,,A,,,,,,,
DATAFLOW,OECD:DF_S4J2022(1.0),Besoins de compétences par pays,I,EST,Estonie,11,,0.228,,A,,,,,,,
DATAFLOW,OECD:DF_S4J2022(1.0),Besoins de compétences par pays,I,EST,Estonie,12,,0.013,,A,,,,,,,
DATAFLOW,OECD:DF_S4J2022(1.0),Besoins de compétences par pays,I,EST,Estonie,13,,0.247,,A,,,,,,,
DATAFLOW,OECD:DF_S4J2022(1.0),Besoins de compétences par pays,I,EST,Estonie,14,,0.164,,A,,,,,,,
DATAFLOW,OECD:DF_S4J2022(1.0),Besoins de compétences par pays,I,LVA,Lettonie,01,,-0.151,,A,,,,,,,
DATAFLOW,OECD:DF_S4J2022(1.0),Besoins de compétences par pays,I,LVA,Lettonie,02,,0.006,,A,,,,,,,
DATAFLOW,OECD:DF_S4J2022(1.0),Besoins de compétences par pays,I,LVA,Lettonie,03,,-0.066,,A,,,,,,,
DATAFLOW,OECD:DF_S4J2022(1.0),Besoins de compétences par pays,I,LVA,Lettonie,04,,0.011,,A,,,,,,,
DATAFLOW,OECD:DF_S4J2022(1.0),Besoins de compétences par pays,I,LVA,Lettonie,05,,0.091,,A,,,,,,,
DATAFLOW,OECD:DF_S4J2022(1.0),Besoins de compétences par pays,I,LVA,Lettonie,06,,0.095,,A,,,,,,,
DATAFLOW,OECD:DF_S4J2022(1.0),Besoins de compétences par pays,I,LVA,Lettonie,07,,-0.024,,A,,,,,,,
DATAFLOW,OECD:DF_S4J2022(1.0),Besoins de compétences par pays,I,LVA,Lettonie,08,,0.334,,A,,,,,,,
DATAFLOW,OECD:DF_S4J2022(1.0),Besoins de compétences par pays,I,LVA,Lettonie,09,,-0.043,,A,,,,,,,
DATAFLOW,OECD:DF_S4J2022(1.0),Besoins de compétences par pays,I,LVA,Lettonie,10,,-0.021,,A,,,,,,,
DATAFLOW,OECD:DF_S4J2022(1.0),Besoins de compétences par pays,I,LVA,Lettonie,11,,-0.155,,A,,,,,,,
DATAFLOW,OECD:DF_S4J2022(1.0),Besoins de compétences par pays,I,EST,Estonie,06,,0.093,,A,,,,,,,
DATAFLOW,OECD:DF_S4J2022(1.0),Besoins de compétences par pays,I,LVA,Lettonie,12,,0.313,,A,,,,,,,
DATAFLOW,OECD:DF_S4J2022(1.0),Besoins de compétences par pays,I,LVA,Lettonie,13,,0.026,,A,,,,,,,
DATAFLOW,OECD:DF_S4J2022(1.0),Besoins de compétences par pays,I,LVA,Lettonie,14,,0.192,,A,,,,,,,
DATAFLOW,OECD:DF_S4J2022(1.0),Besoins de compétences par pays,I,LTU,Lituanie,01,,-0.082,,A,,,,,,,
DATAFLOW,OECD:DF_S4J2022(1.0),Besoins de compétences par pays,I,LTU,Lituanie,02,,0.108,,A,,,,,,,
DATAFLOW,OECD:DF_S4J2022(1.0),Besoins de compétences par pays,I,LTU,Lituanie,03,,0.071,,A,,,,,,,
DATAFLOW,OECD:DF_S4J2022(1.0),Besoins de compétences par pays,I,LTU,Lituanie,04,,0.102,,A,,,,,,,
DATAFLOW,OECD:DF_S4J2022(1.0),Besoins de compétences par pays,I,LTU,Lituanie,05,,0.031,,A,,,,,,,
DATAFLOW,OECD:DF_S4J2022(1.0),Besoins de compétences par pays,I,LTU,Lituanie,06,,-0.206,,A,,,,,,,
DATAFLOW,OECD:DF_S4J2022(1.0),Besoins de compétences par pays,I,LTU,Lituanie,07,,-0.145,,A,,,,,,,
DATAFLOW,OECD:DF_S4J2022(1.0),Besoins de compétences par pays,I,LTU,Lituanie,08,,0.373,,A,,,,,,,
DATAFLOW,OECD:DF_S4J2022(1.0),Besoins de compétences par pays,I,LTU,Lituanie,09,,-0.106,,A,,,,,,,
DATAFLOW,OECD:DF_S4J2022(1.0),Besoins de compétences par pays,I,LTU,Lituanie,10,,-0.336,,A,,,,,,,
DATAFLOW,OECD:DF_S4J2022(1.0),Besoins de compétences par pays,I,LTU,Lituanie,11,,-0.081,,A,,,,,,,
DATAFLOW,OECD:DF_S4J2022(1.0),Besoins de compétences par pays,I,LTU,Lituanie,12,,-0.194,,A,,,,,,,
DATAFLOW,OECD:DF_S4J2022(1.0),Besoins de compétences par pays,I,LTU,Lituanie,13,,-0.06,,A,,,,,,,
DATAFLOW,OECD:DF_S4J2022(1.0),Besoins de compétences par pays,I,LTU,Lituanie,14,,0.617,,A,,,,,,,
DATAFLOW,OECD:DF_S4J2022(1.0),Besoins de compétences par pays,I,SVN,Slovénie,01,,-0.081,,A,,,,,,,
DATAFLOW,OECD:DF_S4J2022(1.0),Besoins de compétences par pays,I,SVN,Slovénie,02,,-0.109,,A,,,,,,,
DATAFLOW,OECD:DF_S4J2022(1.0),Besoins de compétences par pays,I,SVN,Slovénie,03,,0.223,,A,,,,,,,
DATAFLOW,OECD:DF_S4J2022(1.0),Besoins de compétences par pays,I,SVN,Slovénie,04,,-0.009,,A,,,,,,,
DATAFLOW,OECD:DF_S4J2022(1.0),Besoins de compétences par pays,I,SVN,Slovénie,05,,0.081,,A,,,,,,,
DATAFLOW,OECD:DF_S4J2022(1.0),Besoins de compétences par pays,I,SVN,Slovénie,06,,0.158,,A,,,,,,,
DATAFLOW,OECD:DF_S4J2022(1.0),Besoins de compétences par pays,I,SVN,Slovénie,07,,-0.223,,A,,,,,,,
DATAFLOW,OECD:DF_S4J2022(1.0),Besoins de compétences par pays,I,SVN,Slovénie,08,,0.182,,A,,,,,,,
DATAFLOW,OECD:DF_S4J2022(1.0),Besoins de compétences par pays,I,SVN,Slovénie,09,,0.114,,A,,,,,,,
DATAFLOW,OECD:DF_S4J2022(1.0),Besoins de compétences par pays,I,SVN,Slovénie,10,,-0.003,,A,,,,,,,
DATAFLOW,OECD:DF_S4J2022(1.0),Besoins de compétences par pays,I,SVN,Slovénie,11,,0.129,,A,,,,,,,
DATAFLOW,OECD:DF_S4J2022(1.0),Besoins de compétences par pays,I,SVN,Slovénie,12,,0.101,,A,,,,,,,
DATAFLOW,OECD:DF_S4J2022(1.0),Besoins de compétences par pays,I,SVN,Slovénie,13,,-0.156,,A,,,,,,,
DATAFLOW,OECD:DF_S4J2022(1.0),Besoins de compétences par pays,I,SVN,Slovénie,14,,-0.146,,A,,,,,,,
DATAFLOW,OECD:DF_S4J2022(1.0),Besoins de compétences par pays,I,EU,Union européenne,01,,-0.034,,A,,,,,,,
DATAFLOW,OECD:DF_S4J2022(1.0),Besoins de compétences par pays,I,EU,Union européenne,02,,-0.199,,A,,,,,,,
DATAFLOW,OECD:DF_S4J2022(1.0),Besoins de compétences par pays,I,EU,Union européenne,03,,-0.314,,A,,,,,,,
DATAFLOW,OECD:DF_S4J2022(1.0),Besoins de compétences par pays,I,EU,Union européenne,04,,0.059,,A,,,,,,,
DATAFLOW,OECD:DF_S4J2022(1.0),Besoins de compétences par pays,I,EU,Union européenne,05,,-0.119,,A,,,,,,,
DATAFLOW,OECD:DF_S4J2022(1.0),Besoins de compétences par pays,I,EU,Union européenne,06,,0.058,,A,,,,,,,
DATAFLOW,OECD:DF_S4J2022(1.0),Besoins de compétences par pays,I,EU,Union européenne,07,,0,,A,,,,,,,
DATAFLOW,OECD:DF_S4J2022(1.0),Besoins de compétences par pays,I,EU,Union européenne,08,,0.224,,A,,,,,,,
DATAFLOW,OECD:DF_S4J2022(1.0),Besoins de compétences par pays,I,EU,Union européenne,09,,-0.198,,A,,,,,,,
DATAFLOW,OECD:DF_S4J2022(1.0),Besoins de compétences par pays,I,EU,Union européenne,10,,-0.162,,A,,,,,,,
DATAFLOW,OECD:DF_S4J2022(1.0),Besoins de compétences par pays,I,EU,Union européenne,11,,-0.204,,A,,,,,,,
DATAFLOW,OECD:DF_S4J2022(1.0),Besoins de compétences par pays,I,EU,Union européenne,12,,0.112,,A,,,,,,,
DATAFLOW,OECD:DF_S4J2022(1.0),Besoins de compétences par pays,I,EU,Union européenne,13,,-0.09,,A,,,,,,,
DATAFLOW,OECD:DF_S4J2022(1.0),Besoins de compétences par pays,I,EU,Union européenne,14,,0.237,,A,,,,,,,
DATAFLOW,OECD:DF_S4J2022(1.0),Besoins de compétences par pays,I,OECD,OCDE - Total,01,,-0.075,,A,,,,,,,
DATAFLOW,OECD:DF_S4J2022(1.0),Besoins de compétences par pays,I,OECD,OCDE - Total,02,,-0.17,,A,,,,,,,
DATAFLOW,OECD:DF_S4J2022(1.0),Besoins de compétences par pays,I,OECD,OCDE - Total,03,,-0.279,,A,,,,,,,
DATAFLOW,OECD:DF_S4J2022(1.0),Besoins de compétences par pays,I,OECD,OCDE - Total,04,,0.024,,A,,,,,,,
DATAFLOW,OECD:DF_S4J2022(1.0),Besoins de compétences par pays,I,OECD,OCDE - Total,05,,-0.118,,A,,,,,,,
DATAFLOW,OECD:DF_S4J2022(1.0),Besoins de compétences par pays,I,OECD,OCDE - Total,06,,0.015,,A,,,,,,,
DATAFLOW,OECD:DF_S4J2022(1.0),Besoins de compétences par pays,I,OECD,OCDE - Total,07,,-0.043,,A,,,,,,,
DATAFLOW,OECD:DF_S4J2022(1.0),Besoins de compétences par pays,I,OECD,OCDE - Total,08,,0.244,,A,,,,,,,
DATAFLOW,OECD:DF_S4J2022(1.0),Besoins de compétences par pays,I,OECD,OCDE - Total,09,,-0.177,,A,,,,,,,
DATAFLOW,OECD:DF_S4J2022(1.0),Besoins de compétences par pays,I,OECD,OCDE - Total,10,,-0.175,,A,,,,,,,
DATAFLOW,OECD:DF_S4J2022(1.0),Besoins de compétences par pays,I,OECD,OCDE - Total,11,,-0.185,,A,,,,,,,
DATAFLOW,OECD:DF_S4J2022(1.0),Besoins de compétences par pays,I,OECD,OCDE - Total,12,,0.108,,A,,,,,,,
DATAFLOW,OECD:DF_S4J2022(1.0),Besoins de compétences par pays,I,OECD,OCDE - Total,13,,-0.122,,A,,,,,,,
DATAFLOW,OECD:DF_S4J2022(1.0),Besoins de compétences par pays,I,OECD,OCDE - Total,14,,0.223,,A,,,,,,,
